<?xml version="1.0" encoding="ISO-8859-1"?>

<Objects>
   <Object type="0xbb2" id="Prod Enemy Item">
      <DisplayId>Enemy Spawner</DisplayId>
      <Class>Equipment</Class>
      <Item/>
      <Texture>
         <File>lofiChar8x8</File>
         <Index>0xb5</Index>
      </Texture>
      <SlotType>10</SlotType>
      <Description>Can spawn certain enemies. For testing purposes.</Description>
      <Sound>use_key</Sound>
      <Consumable/>
      <Soulbound/>
      <Activate id="Prod Enemy Spawner">Create</Activate>
   </Object>
   <Object type="0xbb3" id="Prod Enemy Spawner">
      <DisplayId>Enemy Spawner</DisplayId>
      <Class>Character</Class>
      <Texture>
         <File>invisible</File>
         <Index>0</Index>
      </Texture>
      <Size>0</Size>
   </Object>
   <Object type="0x638" id="Potion Gift">
      <Class>Character</Class>
      <StasisImmune/>
      <Enemy/>
      <NoMiniMap/>
      <MaxHitPoints>200</MaxHitPoints>
      <XpMult>0.0</XpMult>
      <Size>80</Size>
      <Texture>
         <File>lofiObj</File>
         <Index>0x02</Index>
      </Texture>
   </Object>
   <Object type="0x64e" id="Key Spawner">
      <Class>Character</Class>
      <Enemy/>
      <NoMiniMap/>
      <Texture>
         <File>invisible</File>
         <Index>0</Index>
      </Texture>
      <Size>0</Size>
      <MaxHitPoints>50000</MaxHitPoints>
   </Object>
   <Object type="0x66c" id="Key Dropper 1">
      <Class>Character</Class>
      <StasisImmune/>
      <Enemy/>
      <NoMiniMap/>
      <MaxHitPoints>100</MaxHitPoints>
      <XpMult>0.0</XpMult>
      <Size>80</Size>
      <Texture>
         <File>lofiObj</File>
         <Index>0x21</Index>
      </Texture>
   </Object>
   <Object type="0x674" id="Key Dropper 2">
      <Class>Character</Class>
      <StasisImmune/>
      <Enemy/>
      <NoMiniMap/>
      <MaxHitPoints>100</MaxHitPoints>
      <XpMult>0.0</XpMult>
      <Size>80</Size>
      <Texture>
         <File>lofiObj</File>
         <Index>0x20</Index>
      </Texture>
   </Object>
   <Object type="0x6c3" id="Key Dropper 3">
      <Class>Character</Class>
      <StasisImmune/>
      <Enemy/>
      <NoMiniMap/>
      <MaxHitPoints>100</MaxHitPoints>
      <XpMult>0.0</XpMult>
      <Size>80</Size>
      <Texture>
         <File>lofiObj</File>
         <Index>0x22</Index>
      </Texture>
   </Object>
   <Object type="0x6d9" id="Key Dropper 4">
      <Class>Character</Class>
      <StasisImmune/>
      <Enemy/>
      <NoMiniMap/>
      <MaxHitPoints>100</MaxHitPoints>
      <XpMult>0.0</XpMult>
      <Size>80</Size>
      <Texture>
         <File>d3LofiObjEmbed</File>
         <Index>0x5f</Index>
      </Texture>
   </Object>
   <Object type="0x1fb" id="Testing Gift Spawner">
      <Class>Character</Class>
      <NoMiniMap/>
      <Size>90</Size>
      <Enemy/>
      <MaxHitPoints>50000</MaxHitPoints>
      <Texture>
         <File>lofiEnvironment3</File>
         <Index>0x22</Index>
      </Texture>
      <AltTexture id="1">
         <Texture>
            <File>lofiEnvironment3</File>
            <Index>0x23</Index>
         </Texture>
      </AltTexture>
      <AltTexture id="2">
         <Texture>
            <File>lofiEnvironment3</File>
            <Index>0x24</Index>
         </Texture>
      </AltTexture>
   </Object>
   <Object type="0x956" id="Testing Pet Stasis">
      <Class>Character</Class>
      <StasisImmune/>
      <Enemy/>
      <NoMiniMap/>
      <Texture>
         <File>invisible</File>
         <Index>0</Index>
      </Texture>
      <Size>0</Size>
      <MaxHitPoints>50000</MaxHitPoints>
      <XpMult>0.0</XpMult>
      <Projectile id="1">
         <ObjectId>Puppet Green Wheel</ObjectId>
         <Speed>0</Speed>
         <Damage>0</Damage>
         <Size>60</Size>
         <LifetimeMS>1000</LifetimeMS>
         <ConditionEffect duration="20" target="1">Stasis</ConditionEffect>
         <MultiHit/>
      </Projectile>
   </Object>
   <Object type="0x50d" id="GH1 Portal">
      <Class>Portal</Class>
      <IntergamePortal/>
      <DisplayId>Guild Hall 1 Portal</DisplayId>
      <DungeonName>Guild Hall</DungeonName>
      <Texture>
         <File>lofiEnvironment2</File>
         <Index>0x54</Index>
      </Texture>
   </Object>
   <Object type="0x608" id="GH1 Key">
      <Class>Equipment</Class>
      <Item/>
      <DisplayId>Guild Hall 1 Key</DisplayId>
      <Texture>
         <File>lofiObj</File>
         <Index>0x22</Index>
      </Texture>
      <SlotType>10</SlotType>
      <Description>A key which opens an entrance to Guild Hall. For testing purposes.</Description>
      <Sound>use_key</Sound>
      <Consumable/>
      <Soulbound/>
      <Activate id="GH1 Portal">Create</Activate>
      <feedPower>260</feedPower>
      <Track/>
   </Object>
   <Object type="0x611" id="GH2 Portal">
      <Class>Portal</Class>
      <IntergamePortal/>
      <DisplayId>Guild Hall 2 Portal</DisplayId>
      <DungeonName>Guild Hall 2</DungeonName>
      <Texture>
         <File>lofiEnvironment2</File>
         <Index>0x54</Index>
      </Texture>
   </Object>
   <Object type="0x61b" id="GH2 Key">
      <Class>Equipment</Class>
      <Item/>
      <DisplayId>Guild Hall 2 Key</DisplayId>
      <Texture>
         <File>lofiObj</File>
         <Index>0x22</Index>
      </Texture>
      <SlotType>10</SlotType>
      <Description>A key which opens an entrance to Guild Hall 2. For testing purposes.</Description>
      <Sound>use_key</Sound>
      <Consumable/>
      <Soulbound/>
      <Activate id="GH2 Portal">Create</Activate>
      <feedPower>260</feedPower>
      <Track/>
   </Object>
   <Object type="0x621" id="GH3 Portal">
      <Class>Portal</Class>
      <IntergamePortal/>
      <DisplayId>Guild Hall 3 Portal</DisplayId>
      <DungeonName>Guild Hall 3</DungeonName>
      <Texture>
         <File>lofiEnvironment2</File>
         <Index>0x54</Index>
      </Texture>
   </Object>
   <Object type="0x630" id="GH3 Key">
      <Class>Equipment</Class>
      <Item/>
      <DisplayId>Guild Hall 3 Key</DisplayId>
      <Texture>
         <File>lofiObj</File>
         <Index>0x22</Index>
      </Texture>
      <SlotType>10</SlotType>
      <Description>A key which opens an entrance to Guild Hall 3. For testing purposes.</Description>
      <Sound>use_key</Sound>
      <Consumable/>
      <Soulbound/>
      <Activate id="GH3 Portal">Create</Activate>
      <feedPower>260</feedPower>
      <Track/>
   </Object>
   <Object type="0x627" id="GH4 Portal">
      <Class>Portal</Class>
      <IntergamePortal/>
      <DisplayId>Guild Hall 4 Portal</DisplayId>
      <DungeonName>Guild Hall 4</DungeonName>
      <Texture>
         <File>lofiEnvironment2</File>
         <Index>0x54</Index>
      </Texture>
   </Object>
   <Object type="0x628" id="GH4 Key">
      <Class>Equipment</Class>
      <Item/>
      <DisplayId>Guild Hall 4 Key</DisplayId>
      <Texture>
         <File>lofiObj</File>
         <Index>0x22</Index>
      </Texture>
      <SlotType>10</SlotType>
      <Description>A key which opens an entrance to Guild Hall 4. For testing purposes.</Description>
      <Sound>use_key</Sound>
      <Consumable/>
      <Soulbound/>
      <Activate id="GH4 Portal">Create</Activate>
      <feedPower>260</feedPower>
      <Track/>
   </Object>
   <Object type="0x023b" id="Test Chicken">
      <Group>Test Chickens</Group>
      <Enemy/>
      <Class>Character</Class>
      <Texture>
         <File>lofiChar8x8</File>
         <Index>0xcd</Index>
      </Texture>
      <HitSound>monster/chicken_hit</HitSound>
      <DeathSound>monster/chicken_death</DeathSound>
      <Sound id="0">monster/chicken_hit</Sound>
      <MaxHitPoints>300</MaxHitPoints>
      <Projectile id="0">
         <ObjectId>Cyan Magic</ObjectId>
         <Speed>120</Speed>
         <Damage>1</Damage>
         <LifetimeMS>2000</LifetimeMS>
      </Projectile>
      <Projectile id="1">
         <ObjectId>Green Star</ObjectId>
         <Speed>80</Speed>
         <Damage>1</Damage>
         <ConditionEffect duration="3">Slowed</ConditionEffect>
         <LifetimeMS>2000</LifetimeMS>
      </Projectile>
      <Size>100</Size>
      <Defense>0</Defense>
      <XpMult>0.0</XpMult>
   </Object>
   <Object type="0x023c" id="Test Chicken Minions">
      <Group>Test Chickens</Group>
      <Enemy/>
      <Class>Character</Class>
      <Texture>
         <File>lofiChar8x8</File>
         <Index>0xcd</Index>
      </Texture>
      <HitSound>monster/chicken_hit</HitSound>
      <DeathSound>monster/chicken_death</DeathSound>
      <MaxHitPoints>300</MaxHitPoints>
      <Projectile id="0">
         <ObjectId>Cyan Magic</ObjectId>
         <Speed>120</Speed>
         <Damage>1</Damage>
         <LifetimeMS>2000</LifetimeMS>
      </Projectile>
      <Projectile id="1">
         <ObjectId>Green Star</ObjectId>
         <Speed>80</Speed>
         <Damage>1</Damage>
         <ConditionEffect duration="3">Slowed</ConditionEffect>
         <LifetimeMS>2000</LifetimeMS>
      </Projectile>
      <Size>60</Size>
      <Defense>0</Defense>
      <XpMult>0.0</XpMult>
   </Object>
   <Object type="0x0940" id="XP Gift">
      <Group>Evaluators</Group>
      <Enemy/>
      <Class>Character</Class>
      <Texture>
         <File>lofiChar8x8</File>
         <Index>0xcd</Index>
      </Texture>
      <HitSound>monster/chicken_hit</HitSound>
      <DeathSound>monster/chicken_death</DeathSound>
      <MaxHitPoints>600</MaxHitPoints>
      <Size>180</Size>
      <Defense>0</Defense>
      <XpMult>70</XpMult>
   </Object>
   <Object type="0x0962" id="XP Gift A">
      <Group>Evaluators</Group>
      <Enemy/>
      <Class>Character</Class>
      <Texture>
         <File>lofiChar8x8</File>
         <Index>0xcd</Index>
      </Texture>
      <HitSound>monster/chicken_hit</HitSound>
      <DeathSound>monster/chicken_death</DeathSound>
      <MaxHitPoints>400</MaxHitPoints>
      <Size>180</Size>
      <Defense>0</Defense>
      <XpMult>70</XpMult>
   </Object>
   <Object type="0x0963" id="XP Gift B">
      <Group>Evaluators</Group>
      <Enemy/>
      <Class>Character</Class>
      <Texture>
         <File>lofiChar8x8</File>
         <Index>0xcd</Index>
      </Texture>
      <HitSound>monster/chicken_hit</HitSound>
      <DeathSound>monster/chicken_death</DeathSound>
      <MaxHitPoints>800</MaxHitPoints>
      <Size>180</Size>
      <Defense>0</Defense>
      <XpMult>70</XpMult>
   </Object>
   <Object type="0x0964" id="XP Gift C">
      <Group>Evaluators</Group>
      <Enemy/>
      <Class>Character</Class>
      <Texture>
         <File>lofiChar8x8</File>
         <Index>0xcd</Index>
      </Texture>
      <HitSound>monster/chicken_hit</HitSound>
      <DeathSound>monster/chicken_death</DeathSound>
      <MaxHitPoints>600</MaxHitPoints>
      <Size>180</Size>
      <Defense>0</Defense>
      <XpMult>50</XpMult>
   </Object>
   <Object type="0x0965" id="XP Gift D">
      <Group>Evaluators</Group>
      <Enemy/>
      <Class>Character</Class>
      <Texture>
         <File>lofiChar8x8</File>
         <Index>0xcd</Index>
      </Texture>
      <HitSound>monster/chicken_hit</HitSound>
      <DeathSound>monster/chicken_death</DeathSound>
      <MaxHitPoints>600</MaxHitPoints>
      <Size>180</Size>
      <Defense>0</Defense>
      <XpMult>90</XpMult>
   </Object>
   <Object type="0x0966" id="XP Gift E">
      <Group>Evaluators</Group>
      <Enemy/>
      <Class>Character</Class>
      <Texture>
         <File>lofiChar8x8</File>
         <Index>0xcd</Index>
      </Texture>
      <HitSound>monster/chicken_hit</HitSound>
      <DeathSound>monster/chicken_death</DeathSound>
      <MaxHitPoints>600</MaxHitPoints>
      <Size>180</Size>
      <Defense>0</Defense>
      <XpMult>120</XpMult>
   </Object>
   <Object type="0x0967" id="XP Gift F">
      <Group>Evaluators</Group>
      <Enemy/>
      <Class>Character</Class>
      <Texture>
         <File>lofiChar8x8</File>
         <Index>0xcd</Index>
      </Texture>
      <HitSound>monster/chicken_hit</HitSound>
      <DeathSound>monster/chicken_death</DeathSound>
      <MaxHitPoints>600</MaxHitPoints>
      <Size>180</Size>
      <Defense>0</Defense>
      <XpMult>200</XpMult>
   </Object>
   <Object type="0x0968" id="XP Gift G">
      <Group>Evaluators</Group>
      <Enemy/>
      <Class>Character</Class>
      <Texture>
         <File>lofiChar8x8</File>
         <Index>0xcd</Index>
      </Texture>
      <HitSound>monster/chicken_hit</HitSound>
      <DeathSound>monster/chicken_death</DeathSound>
      <MaxHitPoints>600</MaxHitPoints>
      <Size>180</Size>
      <Defense>0</Defense>
      <XpMult>300</XpMult>
   </Object>
   <Object type="0x0969" id="XP Gift H">
      <Group>Evaluators</Group>
      <Enemy/>
      <Class>Character</Class>
      <Texture>
         <File>lofiChar8x8</File>
         <Index>0xcd</Index>
      </Texture>
      <HitSound>monster/chicken_hit</HitSound>
      <DeathSound>monster/chicken_death</DeathSound>
      <MaxHitPoints>200</MaxHitPoints>
      <Size>180</Size>
      <Defense>0</Defense>
      <XpMult>10000</XpMult>
   </Object>
   <Object type="0x217" id="Lvl20 Chicken Spawner">
      <Class>Character</Class>
      <NoMiniMap/>
      <Size>90</Size>
      <Texture>
         <File>invisible</File>
         <Index>0</Index>
      </Texture>
   </Object>
   <Object type="0x219" id="Fame Chicken Spawner">
      <Class>Character</Class>
      <NoMiniMap/>
      <Size>90</Size>
      <Texture>
         <File>invisible</File>
         <Index>0</Index>
      </Texture>
   </Object>
</Objects>
