<?xml version="1.0" encoding="ISO-8859-1"?>

<Objects>
	<Object type="0x3fd8" id="Dotcs Gashadokuro">
		<DisplayId>Gashadokuro</DisplayId>
		<Class>Character</Class>
		<Enemy/>
		<Hero/>
		<Quest/>
		<Level>20</Level>
		<God/>
		<StasisImmune/>
		<DazedImmune />
		<ParalyzeImmune />
		<StunImmune />
		<SlowedImmune />
		<AnimatedTexture>
			<File>Custom32x32Encounters</File>
			<Index>5</Index>
		</AnimatedTexture>
		<AltTexture id="1">
			<AnimatedTexture>
				<File>Custom32x32Encounters</File>
				<Index>6</Index>
			</AnimatedTexture>
		</AltTexture>
		<AltTexture id="2">
			<AnimatedTexture>
				<File>Custom32x32Encounters</File>
				<Index>7</Index>
			</AnimatedTexture>
		</AltTexture>
		<AltTexture id="3">
			<AnimatedTexture>
				<File>Custom32x32Encounters</File>
				<Index>8</Index>
			</AnimatedTexture>
		</AltTexture>
		<AltTexture id="4">
			<AnimatedTexture>
				<File>Custom32x32Encounters</File>
				<Index>9</Index>
			</AnimatedTexture>
		</AltTexture>
		<MaxHitPoints>650000</MaxHitPoints>
		<Defense>60</Defense>
		<Size>200</Size>
		<XpMult>25.0</XpMult>
		<Projectile id="0">
			<ObjectId>DotCS Bone</ObjectId>
			<Speed>100</Speed>
			<Damage>150</Damage>
			<LifetimeMS>1700</LifetimeMS>
			<Size>125</Size>
			<FaceDir/>
			<MultiHit/>
			<PassesCover/>
		</Projectile>
		<Projectile id="1">
			<ObjectId>DotCS Bloody Bone</ObjectId>
			<Speed>85</Speed>
			<Damage>125</Damage>
			<LifetimeMS>1600</LifetimeMS>
			<Size>180</Size>
			<FaceDir/>
			<ArmorPiercing/>
			<MultiHit/>
			<PassesCover/>
		</Projectile>
		<Projectile id="2">
			<ObjectId>DotCS Bone Shard</ObjectId>
			<Speed>125</Speed>
			<Damage>130</Damage>
			<LifetimeMS>1300</LifetimeMS>
			<Size>150</Size>
			<FaceDir/>
			<MultiHit/>
			<ConditionEffect duration="5">Armor Broken</ConditionEffect>
			<PassesCover/>
		</Projectile>
		<Projectile id="3">
			<ObjectId>DotCS Bone</ObjectId>
			<Speed>60</Speed>
			<Damage>400</Damage>
			<LifetimeMS>3000</LifetimeMS>
			<Size>200</Size>
			<FaceDir/>
			<MultiHit/>
			<PassesCover/>
		</Projectile>
		<Projectile id="4">
			<ObjectId>DotCS Bloody Bone</ObjectId>
			<Speed>100</Speed>
			<Damage>95</Damage>
			<LifetimeMS>1700</LifetimeMS>
			<Size>120</Size>
			<FaceDir/>
			<ArmorPiercing/>
			<MultiHit/>
			<PassesCover/>
		</Projectile>
		<Projectile id="5">
			<ObjectId>DotCS Beam</ObjectId>
			<Speed>125</Speed>
			<Damage>115</Damage>
			<LifetimeMS>1600</LifetimeMS>
			<Size>160</Size>
			<FaceDir/>
			<ArmorPiercing/>
			<MultiHit/>
			<PassesCover/>
		</Projectile>
		<Projectile id="6">
			<ObjectId>DotCS Beam Ball</ObjectId>
			<Speed>80</Speed>
			<Damage>95</Damage>
			<LifetimeMS>2200</LifetimeMS>
			<Size>125</Size>
			<FaceDir/>
			<ArmorPiercing/>
			<MultiHit/>
			<PassesCover/>
		</Projectile>
		<Projectile id="7">
			<ObjectId>DotCS Bone Circle</ObjectId>
			<Speed>50</Speed>
			<Damage>50</Damage>
			<LifetimeMS>4000</LifetimeMS>
			<Size>150</Size>
			<FaceDir/>
			<ConditionEffect duration="1.5">Confused</ConditionEffect>
			<PassesCover/>
		</Projectile>
		<Projectile id="8">
			<ObjectId>DotCS Big Bone Circle</ObjectId>
			<Speed>115</Speed>
			<Damage>300</Damage>
			<LifetimeMS>2500</LifetimeMS>
			<Size>200</Size>
			<FaceDir/>
			<MultiHit/>
			<PassesCover/>
		</Projectile>
		<Projectile id="9">
			<ObjectId>DotCS Big Laser Proj</ObjectId>
			<Speed>90</Speed>
			<Damage>300</Damage>
			<LifetimeMS>5000</LifetimeMS>
			<Size>250</Size>
			<FaceDir/>
			<MultiHit/>
			<PassesCover/>
			<Parametric/>
		</Projectile>
		<Projectile id="10">
			<ObjectId>DotCS Big Laser Proj 2</ObjectId>
			<Speed>100</Speed>
			<Damage>200</Damage>
			<LifetimeMS>3000</LifetimeMS>
			<Size>250</Size>
			<FaceDir/>
			<ArmorPiercing/>
			<PassesCover/>
			<MultiHit/>
		</Projectile>
		<Projectile id="11">
			<ObjectId>DotCS Big Beam Proj</ObjectId>
			<Speed>115</Speed>
			<Damage>350</Damage>
			<LifetimeMS>2500</LifetimeMS>
			<Size>200</Size>
			<FaceDir/>
			<MultiHit/>
			<PassesCover/>
		</Projectile>
	</Object>
	<Object type="0x3fd9" id="DotCS Bone Pile">
	<NoWiki/>
		<DisplayId>Gashadokuro</DisplayId>
		<Class>Character</Class>
		<Texture>
			<File>CustomObjects32x32</File>
			<Index>0x5e</Index>
		</Texture>
		<Animation sync="false" prob="1.0" period="0.16">
			<Frame time="4.18">
				<Texture>
					<File>CustomObjects32x32</File>
					<Index>0x5e</Index>
				</Texture>
			</Frame>
			<Frame time="0.18">
				<Texture>
					<File>CustomObjects32x32</File>
					<Index>0x5f</Index>
				</Texture>
			</Frame>
			<Frame time="0.18">
				<Texture>
					<File>CustomObjects32x32</File>
					<Index>0x60</Index>
				</Texture>
			</Frame>
			<Frame time="0.18">
				<Texture>
					<File>CustomObjects32x32</File>
					<Index>0x61</Index>
				</Texture>
			</Frame>
			<Frame time="0.18">
				<Texture>
					<File>CustomObjects32x32</File>
					<Index>0x62</Index>
				</Texture>
			</Frame>
			<Frame time="1.18">
				<Texture>
					<File>CustomObjects32x32</File>
					<Index>0x63</Index>
				</Texture>
			</Frame>
			<Frame time="0.18">
				<Texture>
					<File>CustomObjects32x32</File>
					<Index>0x64</Index>
				</Texture>
			</Frame>
			<Frame time="0.18">
				<Texture>
					<File>CustomObjects32x32</File>
					<Index>0x65</Index>
				</Texture>
			</Frame>
			<Frame time="0.18">
				<Texture>
					<File>CustomObjects32x32</File>
					<Index>0x66</Index>
				</Texture>
			</Frame>
			<Frame time="0.18">
				<Texture>
					<File>CustomObjects32x32</File>
					<Index>0x67</Index>
				</Texture>
			</Frame>
			<Frame time="0.18">
				<Texture>
					<File>CustomObjects32x32</File>
					<Index>0x68</Index>
				</Texture>
			</Frame>
			<Frame time="0.18">
				<Texture>
					<File>CustomObjects32x32</File>
					<Index>0x69</Index>
				</Texture>
			</Frame>
		</Animation>
		<Size>200</Size>
		<MaxHitPoints>10000</MaxHitPoints>
		<Defense>30</Defense>
		<Enemy/>
		<God/>
		<StasisImmune/>
		<Quest/>
		<Level>20</Level>
	</Object>
	<Object type="0x3fda" id="DotCS Bone Pile Static">
	<NoWiki/>
		<DisplayId>Gashadokuro</DisplayId>
		<Class>Character</Class>
		<Texture>
			<File>CustomObjects32x32</File>
			<Index>0x5e</Index>
		</Texture>
		<Size>200</Size>
		<MaxHitPoints>1000</MaxHitPoints>
		<Defense>30</Defense>
		<Enemy/>
		<God/>
		<StasisImmune/>
		<Quest/>
		<Level>20</Level>
	</Object>
	<Object type="0x3fdb" id="DotCS Fallen Soilder">
		<DisplayId>Fallen Soilder</DisplayId>
		<Class>Character</Class>
		<Enemy/>
		<AnimatedTexture>
			<File>Custom16x16Encounters</File>
			<Index>10</Index>
		</AnimatedTexture>
		<MaxHitPoints>90000</MaxHitPoints>
		<Defense>20</Defense>
		<Size>150</Size>
		<XpMult>25.0</XpMult>
		<StasisImmune/>
		<DazedImmune />
		<ParalyzeImmune />
		<StunImmune />
		<SlowedImmune />
		<Projectile id="0">
			<ObjectId>DotCS Fallen Slash</ObjectId>
			<Speed>80</Speed>
			<Damage>110</Damage>
			<LifetimeMS>2200</LifetimeMS>
			<Amplitude>0</Amplitude>
			<Frequency>0</Frequency>
			<Size>165</Size>
			<FaceDir/>
		</Projectile>
		<Projectile id="1">
			<ObjectId>DotCS Fallen Cleave</ObjectId>
			<Speed>110</Speed>
			<Damage>150</Damage>
			<LifetimeMS>4500</LifetimeMS>
			<Amplitude>0</Amplitude>
			<Frequency>0</Frequency>
			<Size>170</Size>
			<Boomerang/>
			<FaceDir/>
		</Projectile>
		<Projectile id="2">
			<ObjectId>DotCS Fallen Bone</ObjectId>
			<Speed>90</Speed>
			<Damage>130</Damage>
			<LifetimeMS>3500</LifetimeMS>
			<Amplitude>0</Amplitude>
			<Frequency>0</Frequency>
			<Size>165</Size>
			<FaceDir/>
		</Projectile>
	</Object>
	<Object type="0x3fdc" id="DotCS Fallen Shield Bearer">
		<DisplayId>Fallen Shield Bearer</DisplayId>
		<Class>Character</Class>
		<Enemy/>
		<AnimatedTexture>
			<File>Custom16x16Encounters</File>
			<Index>11</Index>
		</AnimatedTexture>
		<MaxHitPoints>100000</MaxHitPoints>
		<Defense>35</Defense>
		<Size>150</Size>
		<XpMult>25.0</XpMult>
		<StasisImmune/>
		<DazedImmune />
		<ParalyzeImmune />
		<StunImmune />
		<SlowedImmune />
		<Projectile id="0">
			<ObjectId>DotCS Fallen Shield Shot</ObjectId>
			<Speed>85</Speed>
			<Damage>130</Damage>
			<LifetimeMS>2000</LifetimeMS>
			<Amplitude>0</Amplitude>
			<Frequency>0</Frequency>
			<Size>165</Size>
			<FaceDir/>
		</Projectile>
		<Projectile id="1">
			<ObjectId>DotCS Fallen Shield Slam</ObjectId>
			<Speed>60</Speed>
			<Damage>170</Damage>
			<LifetimeMS>3000</LifetimeMS>
			<Amplitude>0</Amplitude>
			<Frequency>0</Frequency>
			<Size>170</Size>
			<Boomerang/>
			<FaceDir/>
		</Projectile>
		<Projectile id="2">
			<ObjectId>DotCS Fallen Bone Circle</ObjectId>
			<Speed>80</Speed>
			<Damage>70</Damage>
			<LifetimeMS>2400</LifetimeMS>
			<Amplitude>0</Amplitude>
			<Frequency>0</Frequency>
			<Size>165</Size>
			<ConditionEffect duration="1.5">Confused</ConditionEffect>
			<FaceDir/>
		</Projectile>
	</Object>
	<Object type="0x3fdd" id="DotCS Tokugawa Fallen General">
		<DisplayId>Tokugawa, Fallen General</DisplayId>
		<Class>Character</Class>
		<Enemy/>
		<AnimatedTexture>
			<File>Custom16x16Encounters</File>
			<Index>12</Index>
		</AnimatedTexture>
		<MaxHitPoints>150000</MaxHitPoints>
		<Defense>25</Defense>
		<Size>175</Size>
		<XpMult>25.0</XpMult>
		<StasisImmune/>
		<DazedImmune />
		<ParalyzeImmune />
		<StunImmune />
		<SlowedImmune />
		<Projectile id="0">
			<ObjectId>DotCS General Slash</ObjectId>
			<Speed>95</Speed>
			<Damage>240</Damage>
			<LifetimeMS>2300</LifetimeMS>
			<Amplitude>0</Amplitude>
			<Frequency>0</Frequency>
			<Size>165</Size>
			<MultiHit/>
			<FaceDir/>
		</Projectile>
		<Projectile id="1">
			<ObjectId>DotCS General Daggers</ObjectId>
			<Speed>75</Speed>
			<Damage>130</Damage>
			<LifetimeMS>3300</LifetimeMS>
			<Amplitude>0</Amplitude>
			<Frequency>0</Frequency>
			<Size>165</Size>
			<ConditionEffect duration="2">Bleeding</ConditionEffect>
			<MultiHit/>
			<FaceDir/>
		</Projectile>
		<Projectile id="2">
			<ObjectId>DotCS General Cleave</ObjectId>
			<Speed>90</Speed>
			<Damage>240</Damage>
			<LifetimeMS>2600</LifetimeMS>
			<Amplitude>0</Amplitude>
			<Frequency>0</Frequency>
			<Size>165</Size>
			<ConditionEffect duration="1.5">Dazed</ConditionEffect>
			<MultiHit/>
			<FaceDir/>
		</Projectile>
	</Object>
	<Object type="0x3fde" id="DotCS Izuchi Water Serpent">
		<DisplayId>Izuchi, The Spirit Serpent</DisplayId>
		<Class>Character</Class>
		<Enemy/>
		<AnimatedTexture>
			<File>Custom32x32Encounters</File>
			<Index>11</Index>
		</AnimatedTexture>
		<MaxHitPoints>200000</MaxHitPoints>
		<Defense>25</Defense>
		<Size>160</Size>
		<XpMult>25.0</XpMult>
		<StasisImmune/>
		<DazedImmune />
		<ParalyzeImmune />
		<StunImmune />
		<SlowedImmune />
		<Projectile id="0">
			<ObjectId>Youkai Water Spit</ObjectId>
			<Speed>85</Speed>
			<Damage>230</Damage>
			<LifetimeMS>2200</LifetimeMS>
			<Amplitude>0</Amplitude>
			<Frequency>0</Frequency>
			<Size>165</Size>
			<MultiHit/>
			<FaceDir/>
		</Projectile>
		<Projectile id="1">
			<ObjectId>Youkai Serpent Star</ObjectId>
			<Speed>60</Speed>
			<Damage>155</Damage>
			<LifetimeMS>3500</LifetimeMS>
			<Amplitude>0</Amplitude>
			<Frequency>0</Frequency>
			<Size>165</Size>
			<ConditionEffect duration="1.25">Confused</ConditionEffect>
			<MultiHit/>
			<FaceDir/>
		</Projectile>
		<Projectile id="2">
			<ObjectId>Youkai Water Circle</ObjectId>
			<Speed>35</Speed>
			<Damage>270</Damage>
			<LifetimeMS>4000</LifetimeMS>
			<Amplitude>0</Amplitude>
			<Frequency>0</Frequency>
			<Size>165</Size>
			<MultiHit/>
			<Boomerang/>
			<FaceDir/>
		</Projectile>
		<Projectile id="3">
			<ObjectId>Youkai Serpent Star</ObjectId>
			<Speed>55</Speed>
			<Damage>145</Damage>
			<LifetimeMS>6000</LifetimeMS>
			<Amplitude>0</Amplitude>
			<Frequency>0</Frequency>
			<Size>165</Size>
			<ConditionEffect duration="1.25">Confused</ConditionEffect>
			<MultiHit/>
			<Parametric/>
			<FaceDir/>
		</Projectile>
	</Object>
	<Object type="0x3fdf" id="DotCS Dokuro Beam">
		<DisplayId>Gashadokuro</DisplayId>
		<NoWiki/>
		<Class>Character</Class>
		<Texture>
			<File>CustomObjects32x32</File>
			<Index>0x73</Index>
		</Texture>
		<Animation sync="false" prob="1.0" period="0.0">
			<Frame time="0.2">
				<Texture>
					<File>CustomObjects32x32</File>
					<Index>0x73</Index>
				</Texture>
			</Frame>
			<Frame time="0.2">
				<Texture>
					<File>CustomObjects32x32</File>
					<Index>0x74</Index>
				</Texture>
			</Frame>
		</Animation>
		<Projectile id="0">
			<ObjectId>DotCS Bone</ObjectId>
			<Speed>100</Speed>
			<Damage>150</Damage>
			<LifetimeMS>1700</LifetimeMS>
			<Size>125</Size>
			<FaceDir/>
			<MultiHit/>
			<PassesCover/>
		</Projectile>
		<Projectile id="1">
			<ObjectId>DotCS Bloody Bone</ObjectId>
			<Speed>85</Speed>
			<Damage>125</Damage>
			<LifetimeMS>1600</LifetimeMS>
			<Size>180</Size>
			<FaceDir/>
			<ArmorPiercing/>
			<MultiHit/>
			<PassesCover/>
		</Projectile>
		<Projectile id="2">
			<ObjectId>DotCS Bone Shard</ObjectId>
			<Speed>125</Speed>
			<Damage>130</Damage>
			<LifetimeMS>1300</LifetimeMS>
			<Size>150</Size>
			<FaceDir/>
			<MultiHit/>
			<ConditionEffect duration="5">Armor Broken</ConditionEffect>
			<PassesCover/>
		</Projectile>
		<Projectile id="3">
			<ObjectId>DotCS Bone</ObjectId>
			<Speed>60</Speed>
			<Damage>400</Damage>
			<LifetimeMS>3000</LifetimeMS>
			<Size>200</Size>
			<FaceDir/>
			<MultiHit/>
			<PassesCover/>
		</Projectile>
		<Projectile id="4">
			<ObjectId>DotCS Bloody Bone</ObjectId>
			<Speed>100</Speed>
			<Damage>95</Damage>
			<LifetimeMS>1700</LifetimeMS>
			<Size>120</Size>
			<FaceDir/>
			<ArmorPiercing/>
			<MultiHit/>
			<PassesCover/>
		</Projectile>
		<Projectile id="5">
			<ObjectId>DotCS Beam</ObjectId>
			<Speed>125</Speed>
			<Damage>115</Damage>
			<LifetimeMS>1600</LifetimeMS>
			<Size>160</Size>
			<FaceDir/>
			<ArmorPiercing/>
			<MultiHit/>
			<PassesCover/>
		</Projectile>
		<Projectile id="6">
			<ObjectId>DotCS Beam Ball</ObjectId>
			<Speed>80</Speed>
			<Damage>95</Damage>
			<LifetimeMS>2200</LifetimeMS>
			<Size>125</Size>
			<FaceDir/>
			<ArmorPiercing/>
			<MultiHit/>
			<PassesCover/>
		</Projectile>
		<Projectile id="7">
			<ObjectId>DotCS Bone Circle</ObjectId>
			<Speed>50</Speed>
			<Damage>50</Damage>
			<LifetimeMS>4000</LifetimeMS>
			<Size>150</Size>
			<FaceDir/>
			<ConditionEffect duration="1.5">Confused</ConditionEffect>
			<PassesCover/>
		</Projectile>
		<Projectile id="8">
			<ObjectId>DotCS Big Bone Circle</ObjectId>
			<Speed>115</Speed>
			<Damage>300</Damage>
			<LifetimeMS>2500</LifetimeMS>
			<Size>200</Size>
			<FaceDir/>
			<MultiHit/>
			<PassesCover/>
		</Projectile>
		<Projectile id="9">
			<ObjectId>DotCS Big Laser Proj</ObjectId>
			<Speed>90</Speed>
			<Damage>300</Damage>
			<LifetimeMS>5000</LifetimeMS>
			<Size>250</Size>
			<FaceDir/>
			<MultiHit/>
			<PassesCover/>
			<Parametric/>
		</Projectile>
		<Projectile id="10">
			<ObjectId>DotCS Big Laser Proj 2</ObjectId>
			<Speed>100</Speed>
			<Damage>200</Damage>
			<LifetimeMS>3000</LifetimeMS>
			<Size>250</Size>
			<FaceDir/>
			<ArmorPiercing/>
			<PassesCover/>
			<MultiHit/>
		</Projectile>
		<Projectile id="11">
			<ObjectId>DotCS Big Beam Proj</ObjectId>
			<Speed>115</Speed>
			<Damage>350</Damage>
			<LifetimeMS>2500</LifetimeMS>
			<Size>200</Size>
			<FaceDir/>
			<MultiHit/>
			<PassesCover/>
		</Projectile>
		<Size>200</Size>
		<MaxHitPoints>400000</MaxHitPoints>
		<Defense>30</Defense>
		<Enemy/>
		<God/>
		<StasisImmune/>
		<DazedImmune />
		<ParalyzeImmune />
		<StunImmune />
		<SlowedImmune />
		<Quest/>
		<Level>20</Level>
	</Object>
	<Object type="0x3fe1" id="DotCS Dokuro Dying Static">
		<DisplayId>Gashadokuro</DisplayId>
		<Class>Character</Class>
		<NoWiki/>
		<Texture>
			<File>CustomObjects32x32</File>
			<Index>0x75</Index>
		</Texture>
		<Animation sync="false" prob="1.0" period="0.0">
			<Frame time="0.12">
				<Texture>
					<File>CustomObjects32x32</File>
					<Index>0x76</Index>
				</Texture>
			</Frame>
			<Frame time="0.12">
				<Texture>
					<File>CustomObjects32x32</File>
					<Index>0x77</Index>
				</Texture>
			</Frame>
		</Animation>
		<Size>200</Size>
		<MaxHitPoints>400000</MaxHitPoints>
		<Defense>30</Defense>
		<Enemy/>
		<God/>
		<StasisImmune/>
		<DazedImmune />
		<ParalyzeImmune />
		<StunImmune />
		<SlowedImmune />
		<Quest/>
		<Level>20</Level>
	</Object>
	<Object type="0x3fe2" id="DotCS Dokuro Dying">
		<DisplayId>Gashadokuro</DisplayId>
		<Class>Character</Class>
		<NoWiki/>
		<Texture>
			<File>CustomObjects32x32</File>
			<Index>0x78</Index>
		</Texture>
		<Animation sync="false" prob="1.0" period="0.0">
			<Frame time="0.24">
				<Texture>
					<File>CustomObjects32x32</File>
					<Index>0x78</Index>
				</Texture>
			</Frame>
			<Frame time="0.24">
				<Texture>
					<File>CustomObjects32x32</File>
					<Index>0x79</Index>
				</Texture>
			</Frame>
			<Frame time="0.24">
				<Texture>
					<File>CustomObjects32x32</File>
					<Index>0x7a</Index>
				</Texture>
			</Frame>
			<Frame time="0.24">
				<Texture>
					<File>CustomObjects32x32</File>
					<Index>0x7b</Index>
				</Texture>
			</Frame>
			<Frame time="0.24">
				<Texture>
					<File>CustomObjects32x32</File>
					<Index>0x7c</Index>
				</Texture>
			</Frame>
			<Frame time="0.24">
				<Texture>
					<File>CustomObjects32x32</File>
					<Index>0x7d</Index>
				</Texture>
			</Frame>
			<Frame time="0.24">
				<Texture>
					<File>CustomObjects32x32</File>
					<Index>0x7e</Index>
				</Texture>
			</Frame>
			<Frame time="0.24">
				<Texture>
					<File>CustomObjects32x32</File>
					<Index>0x7f</Index>
				</Texture>
			</Frame>
			<Frame time="0.24">
				<Texture>
					<File>CustomObjects32x32</File>
					<Index>0x80</Index>
				</Texture>
			</Frame>
			<Frame time="0.24">
				<Texture>
					<File>CustomObjects32x32</File>
					<Index>0x81</Index>
				</Texture>
			</Frame>
			<Frame time="0.24">
				<Texture>
					<File>CustomObjects32x32</File>
					<Index>0x82</Index>
				</Texture>
			</Frame>
			<Frame time="0.24">
				<Texture>
					<File>CustomObjects32x32</File>
					<Index>0x83</Index>
				</Texture>
			</Frame>
			<Frame time="0.24">
				<Texture>
					<File>CustomObjects32x32</File>
					<Index>0x84</Index>
				</Texture>
			</Frame>
		</Animation>
		<Size>200</Size>
		<MaxHitPoints>400000</MaxHitPoints>
		<Defense>30</Defense>
		<Enemy/>
		<God/>
		<StasisImmune/>
		<DazedImmune />
		<ParalyzeImmune />
		<StunImmune />
		<SlowedImmune />
		<Quest/>
		<Level>20</Level>
	</Object>
	<Object type="0x3fe3" id="DotCS Dokuro Beam Anim">
		<DisplayId>Gashadokuro</DisplayId>
		<NoWiki/>
		<Class>Character</Class>
		<Texture>
			<File>CustomObjects32x32</File>
			<Index>0x6a</Index>
		</Texture>
		<Animation sync="false" prob="1.0" period="0.0">
			<Frame time="0.3">
				<Texture>
					<File>CustomObjects32x32</File>
					<Index>0x6a</Index>
				</Texture>
			</Frame>
			<Frame time="0.3">
				<Texture>
					<File>CustomObjects32x32</File>
					<Index>0x6b</Index>
				</Texture>
			</Frame>
			<Frame time="0.3">
				<Texture>
					<File>CustomObjects32x32</File>
					<Index>0x6c</Index>
				</Texture>
			</Frame>
			<Frame time="0.3">
				<Texture>
					<File>CustomObjects32x32</File>
					<Index>0x6d</Index>
				</Texture>
			</Frame>
			<Frame time="0.3">
				<Texture>
					<File>CustomObjects32x32</File>
					<Index>0x6e</Index>
				</Texture>
			</Frame>
			<Frame time="0.3">
				<Texture>
					<File>CustomObjects32x32</File>
					<Index>0x6f</Index>
				</Texture>
			</Frame>
			<Frame time="0.3">
				<Texture>
					<File>CustomObjects32x32</File>
					<Index>0x70</Index>
				</Texture>
			</Frame>
			<Frame time="0.3">
				<Texture>
					<File>CustomObjects32x32</File>
					<Index>0x71</Index>
				</Texture>
			</Frame>
			<Frame time="0.3">
				<Texture>
					<File>CustomObjects32x32</File>
					<Index>0x72</Index>
				</Texture>
			</Frame>
		</Animation>
		<Size>200</Size>
		<MaxHitPoints>400000</MaxHitPoints>
		<Defense>30</Defense>
		<Enemy/>
		<God/>
		<StasisImmune/>
		<DazedImmune />
		<ParalyzeImmune />
		<StunImmune />
		<SlowedImmune />
		<Quest/>
		<Level>20</Level>
	</Object>
	<Object type="0x3fe4" id="DotCS Yatagarasu">
		<DisplayId>Yatagarasu</DisplayId>
		<Class>Character</Class>
		<Enemy/>
		<AnimatedTexture>
			<File>Custom16x16Encounters</File>
			<Index>0</Index>
		</AnimatedTexture>
		<MaxHitPoints>20000</MaxHitPoints>
		<Defense>15</Defense>
		<Size>110</Size>
		<XpMult>25.0</XpMult>
		<Projectile id="0">
			<ObjectId>Molten Feather</ObjectId>
			<Speed>100</Speed>
			<MinDamage>80</MinDamage>
			<MaxDamage>80</MaxDamage>
			<LifetimeMS>800</LifetimeMS>
			<Amplitude>0</Amplitude>
			<Frequency>0</Frequency>
			<Size>100</Size>
			<FaceDir/>
			<ArmorPiercing/>
			<MultiHit/>
		</Projectile>
	</Object>
	<Object type="0x3fe6" id="DotCS Oni">
		<DisplayId>Oni</DisplayId>
		<Class>Character</Class>
		<Enemy/>
		<AnimatedTexture>
			<File>Custom16x16Encounters</File>
			<Index>1</Index>
		</AnimatedTexture>
		<MaxHitPoints>22000</MaxHitPoints>
		<Defense>20</Defense>
		<Size>130</Size>
		<XpMult>25.0</XpMult>
		<Projectile id="0">
			<ObjectId>Flaming Fist</ObjectId>
			<Speed>70</Speed>
			<MinDamage>355</MinDamage>
			<MaxDamage>355</MaxDamage>
			<LifetimeMS>900</LifetimeMS>
			<Amplitude>0</Amplitude>
			<Frequency>0</Frequency>
			<Size>200</Size>
			<FaceDir/>
			<ConditionEffect duration="3">Armor Broken</ConditionEffect>
			<ConditionEffect duration="3">Weak</ConditionEffect>
		</Projectile>
		<Projectile id="1">
			<ObjectId>Molten Pebble</ObjectId>
			<Speed>50</Speed>
			<MinDamage>60</MinDamage>
			<MaxDamage>60</MaxDamage>
			<LifetimeMS>1800</LifetimeMS>
			<Amplitude>0</Amplitude>
			<Frequency>0</Frequency>
			<Size>100</Size>
			<FaceDir/>
			<ConditionEffect duration="3">Dazed</ConditionEffect>
		</Projectile>
	</Object>
	<Object type="0x3fe7" id="DotCS Kappa">
		<DisplayId>Kappa</DisplayId>
		<Class>Character</Class>
		<Enemy/>
		<AnimatedTexture>
			<File>Custom16x16Encounters</File>
			<Index>2</Index>
		</AnimatedTexture>
		<MaxHitPoints>18000</MaxHitPoints>
		<Defense>10</Defense>
		<Size>100</Size>
		<XpMult>25.0</XpMult>
		<Projectile id="0">
			<ObjectId>Kappa Spear</ObjectId>
			<Speed>115</Speed>
			<MinDamage>250</MinDamage>
			<MaxDamage>250</MaxDamage>
			<LifetimeMS>1500</LifetimeMS>
			<Amplitude>0</Amplitude>
			<Frequency>0</Frequency>
			<Size>200</Size>
			<FaceDir/>
			<MultiHit/>
		</Projectile>
		<Projectile id="1">
			<ObjectId>Dotcs Water Nova</ObjectId>
			<Speed>50</Speed>
			<MinDamage>125</MinDamage>
			<MaxDamage>125</MaxDamage>
			<LifetimeMS>700</LifetimeMS>
			<Amplitude>0</Amplitude>
			<Frequency>0</Frequency>
			<Size>125</Size>
			<FaceDir/>
			<ConditionEffect duration="5">Slowed</ConditionEffect>
		</Projectile>
		<Projectile id="2">
			<ObjectId>Dotcs Water Nova</ObjectId>
			<Speed>50</Speed>
			<MinDamage>85</MinDamage>
			<MaxDamage>85</MaxDamage>
			<LifetimeMS>950</LifetimeMS>
			<Amplitude>0</Amplitude>
			<Frequency>0</Frequency>
			<Size>150</Size>
			<FaceDir/>
			<ConditionEffect duration="7">Slowed</ConditionEffect>
		</Projectile>
	</Object>
	<Object type="0x3fe8" id="DotCS Yuki Onna">
		<DisplayId>Yuki Onna</DisplayId>
		<Class>Character</Class>
		<Enemy/>
		<AnimatedTexture>
			<File>Custom16x16Encounters</File>
			<Index>3</Index>
		</AnimatedTexture>
		<MaxHitPoints>22000</MaxHitPoints>
		<Defense>15</Defense>
		<Size>105</Size>
		<XpMult>25.0</XpMult>
		<Projectile id="0">
			<ObjectId>Ice Spear</ObjectId>
			<Speed>75</Speed>
			<MinDamage>135</MinDamage>
			<MaxDamage>135</MaxDamage>
			<LifetimeMS>1200</LifetimeMS>
			<Amplitude>1</Amplitude>
			<Frequency>1</Frequency>
			<Size>175</Size>
			<FaceDir/>
			<ConditionEffect duration="2">Paralyzed</ConditionEffect>
		</Projectile>
	</Object>
	<Object type="0x3fe9" id="DotCS Tsuchigomo">
		<DisplayId>Tsuchigomo</DisplayId>
		<Class>Character</Class>
		<Enemy/>
		<AnimatedTexture>
			<File>Custom16x16Encounters</File>
			<Index>4</Index>
		</AnimatedTexture>
		<MaxHitPoints>19000</MaxHitPoints>
		<Defense>15</Defense>
		<Size>130</Size>
		<XpMult>25.0</XpMult>
		<Projectile id="0">
			<ObjectId>Youkai Spider Web</ObjectId>
			<Speed>130</Speed>
			<MinDamage>10</MinDamage>
			<MaxDamage>10</MaxDamage>
			<LifetimeMS>1200</LifetimeMS>
			<Amplitude>0</Amplitude>
			<Frequency>0</Frequency>
			<Size>200</Size>
			<FaceDir/>
			<ConditionEffect duration="4">Slowed</ConditionEffect>
		</Projectile>
		<Projectile id="1">
			<ObjectId>Spider Bite</ObjectId>
			<Speed>130</Speed>
			<MinDamage>300</MinDamage>
			<MaxDamage>300</MaxDamage>
			<LifetimeMS>300</LifetimeMS>
			<Amplitude>0</Amplitude>
			<Frequency>0</Frequency>
			<Size>125</Size>
			<FaceDir/>
			<ConditionEffect duration="2">Bleeding</ConditionEffect>
		</Projectile>
	</Object>
	<Object type="0x3fea" id="DotCS Nurikabe">
		<DisplayId>Nurikabe</DisplayId>
		<Class>Character</Class>
		<Enemy/>
		<AnimatedTexture>
			<File>Custom16x16Encounters</File>
			<Index>5</Index>
		</AnimatedTexture>
		<MaxHitPoints>30000</MaxHitPoints>
		<Defense>25</Defense>
		<Size>150</Size>
		<XpMult>25.0</XpMult>
		<Projectile id="0">
			<ObjectId>Youkai Tree Energy</ObjectId>
			<Speed>40</Speed>
			<MinDamage>100</MinDamage>
			<MaxDamage>100</MaxDamage>
			<LifetimeMS>700</LifetimeMS>
			<Amplitude>0</Amplitude>
			<Frequency>0</Frequency>
			<Size>125</Size>
			<FaceDir/>
		</Projectile>
	</Object>
	<Object type="0x3feb" id="DotCS Tree Youkai">
		<DisplayId>Tree Youkai</DisplayId>
		<Class>Character</Class>
		<Enemy/>
		<AnimatedTexture>
			<File>Custom8x8Encounters</File>
			<Index>0</Index>
		</AnimatedTexture>
		<MaxHitPoints>6000</MaxHitPoints>
		<Defense>50</Defense>
		<Size>125</Size>
		<XpMult>25.0</XpMult>
		<Projectile id="0">
			<ObjectId>Youkai Tree Energy</ObjectId>
			<Speed>80</Speed>
			<MinDamage>125</MinDamage>
			<MaxDamage>125</MaxDamage>
			<LifetimeMS>1300</LifetimeMS>
			<Amplitude>0</Amplitude>
			<Frequency>0</Frequency>
			<Size>100</Size>
			<FaceDir/>
		</Projectile>
	</Object>
	<Object type="0x3fec" id="DotCS Tengu">
		<DisplayId>Tengu</DisplayId>
		<Class>Character</Class>
		<Enemy/>
		<AnimatedTexture>
			<File>Custom16x16Encounters</File>
			<Index>6</Index>
		</AnimatedTexture>
		<MaxHitPoints>20000</MaxHitPoints>
		<Defense>15</Defense>
		<Size>130</Size>
		<XpMult>25.0</XpMult>
		<Projectile id="0">
			<ObjectId>Youkai Wind Slash</ObjectId>
			<Speed>90</Speed>
			<MinDamage>100</MinDamage>
			<MaxDamage>100</MaxDamage>
			<LifetimeMS>1200</LifetimeMS>
			<Amplitude>0</Amplitude>
			<Frequency>0</Frequency>
			<Size>125</Size>
			<FaceDir/>
			<ConditionEffect duration="2">Dazed</ConditionEffect>
		</Projectile>
		<Projectile id="1">
			<ObjectId>Youkai Wind Blast</ObjectId>
			<Speed>150</Speed>
			<MinDamage>250</MinDamage>
			<MaxDamage>250</MaxDamage>
			<LifetimeMS>2000</LifetimeMS>
			<Amplitude>0</Amplitude>
			<Frequency>0</Frequency>
			<Size>300</Size>
			<FaceDir/>
			<Boomerang/>
		</Projectile>
	</Object>
	<Object type="0x3fed" id="DotCS Kamaitachi">
		<DisplayId>Kamaitachi</DisplayId>
		<Class>Character</Class>
		<Enemy/>
		<AnimatedTexture>
			<File>Custom16x16Encounters</File>
			<Index>7</Index>
		</AnimatedTexture>
		<MaxHitPoints>20000</MaxHitPoints>
		<Defense>22</Defense>
		<Size>135</Size>
		<XpMult>25.0</XpMult>
		<Projectile id="0">
			<ObjectId>Youkai Claw Slash</ObjectId>
			<Speed>140</Speed>
			<MinDamage>70</MinDamage>
			<MaxDamage>70</MaxDamage>
			<LifetimeMS>700</LifetimeMS>
			<Amplitude>1.99</Amplitude>
			<Frequency>0.46</Frequency>
			<Size>125</Size>
			<FaceDir/>
			<ArmorPiercing/>
		</Projectile>
	</Object>
	<Object type="0x3fee" id="DotCS Kirin">
		<DisplayId>Kirin</DisplayId>
		<Class>Character</Class>
		<Enemy/>
		<AnimatedTexture>
			<File>Custom16x16Encounters</File>
			<Index>8</Index>
		</AnimatedTexture>
		<MaxHitPoints>22000</MaxHitPoints>
		<Defense>25</Defense>
		<Size>110</Size>
		<XpMult>25.0</XpMult>
	</Object>
	<Object type="0x3fef" id="DotCS Terminator MKII">
		<DisplayId>Terminator MKII</DisplayId>
		<Class>Character</Class>
		<Enemy/>
		<AnimatedTexture>
			<File>Custom16x16Encounters</File>
			<Index>9</Index>
		</AnimatedTexture>
		<MaxHitPoints>25000</MaxHitPoints>
		<Defense>25</Defense>
		<Size>160</Size>
		<XpMult>25.0</XpMult>
		<Projectile id="0">
			<ObjectId>Youkai Machine Gun</ObjectId>
			<Speed>100</Speed>
			<MinDamage>115</MinDamage>
			<MaxDamage>115</MaxDamage>
			<LifetimeMS>1300</LifetimeMS>
			<Amplitude>0</Amplitude>
			<Frequency>0</Frequency>
			<Size>125</Size>
			<PassesCover/>
			<FaceDir/>
		</Projectile>
		<Projectile id="1">
			<ObjectId>Youkai Giant Missile</ObjectId>
			<Speed>150</Speed>
			<MinDamage>400</MinDamage>
			<MaxDamage>400</MaxDamage>
			<LifetimeMS>2500</LifetimeMS>
			<Amplitude>0</Amplitude>
			<Frequency>0</Frequency>
			<Size>300</Size>
			<PassesCover/>
			<FaceDir/>
			<ArmorPiercing/>
		</Projectile>
	</Object>
	<Object type="0x3ff1" id="DotCS Portal">
		<Class>Portal</Class>
		<IntergamePortal/>
		<DisplayId>Domain of the Chaos Serpent</DisplayId>
		<DungeonName>Domain of the Chaos Serpent</DungeonName>
		<Texture>
			<File>CustomObjects32x32</File>
			<Index>0x44</Index>
		</Texture>
	</Object>
	<Object type="0x3ff2" id="DotCS Lil Skelly">
		<DisplayId>Lil Skelly</DisplayId>
		<Class>Character</Class>
		<Enemy/>
		<AnimatedTexture>
			<File>Custom8x8Encounters</File>
			<Index>1</Index>
		</AnimatedTexture>
		<MaxHitPoints>8000</MaxHitPoints>
		<Defense>35</Defense>
		<Size>125</Size>
		<XpMult>25.0</XpMult>
		<Projectile id="0">
			<ObjectId>DotCS Bone</ObjectId>
			<Speed>90</Speed>
			<Damage>130</Damage>
			<LifetimeMS>1200</LifetimeMS>
			<Amplitude>0</Amplitude>
			<Frequency>0</Frequency>
			<Size>125</Size>
			<FaceDir/>
		</Projectile>
	</Object>
	<Object type="0x3ff3" id="DotCS Lil Skelly Warrior">
		<DisplayId>Lil Skelly</DisplayId>
		<Class>Character</Class>
		<Enemy/>
		<AnimatedTexture>
			<File>Custom8x8Encounters</File>
			<Index>2</Index>
		</AnimatedTexture>
		<MaxHitPoints>8000</MaxHitPoints>
		<Defense>35</Defense>
		<Size>125</Size>
		<XpMult>25.0</XpMult>
		<Projectile id="0">
			<ObjectId>DotCS Skele Slash</ObjectId>
			<Speed>85</Speed>
			<Damage>100</Damage>
			<LifetimeMS>1800</LifetimeMS>
			<Amplitude>0</Amplitude>
			<Frequency>0</Frequency>
			<Size>130</Size>
			<FaceDir/>
		</Projectile>
	</Object>
	<Object type="0x3ff4" id="DotCS Skelly Hands">
		<DisplayId>Skelly Hands</DisplayId>
		<Class>Character</Class>
		<Enemy/>
		<AnimatedTexture>
			<File>Custom8x8Encounters</File>
			<Index>6</Index>
		</AnimatedTexture>
		<MaxHitPoints>5000</MaxHitPoints>
		<Defense>20</Defense>
		<Size>125</Size>
		<XpMult>25.0</XpMult>
		<Projectile id="0">
			<ObjectId>DotCS Ground Skelly Shot</ObjectId>
			<Speed>85</Speed>
			<Damage>100</Damage>
			<LifetimeMS>1500</LifetimeMS>
			<Amplitude>0</Amplitude>
			<Frequency>0</Frequency>
			<Size>130</Size>
			<ConditionEffect duration="1.0">Paralyzed</ConditionEffect>
			<FaceDir/>
		</Projectile>
	</Object>
	<Object type="0x3ff5" id="DotCS Lil Skelly Spearmen">
		<DisplayId>Lil Skelly Spearmen</DisplayId>
		<Class>Character</Class>
		<Enemy/>
		<AnimatedTexture>
			<File>Custom8x8Encounters</File>
			<Index>3</Index>
		</AnimatedTexture>
		<MaxHitPoints>10000</MaxHitPoints>
		<Defense>25</Defense>
		<Size>125</Size>
		<XpMult>25.0</XpMult>
		<Projectile id="0">
			<ObjectId>DotCS Skelly Spear</ObjectId>
			<Speed>115</Speed>
			<Damage>110</Damage>
			<LifetimeMS>2500</LifetimeMS>
			<Amplitude>0</Amplitude>
			<Frequency>0</Frequency>
			<Size>130</Size>
			<ArmorPiercing/>
			<MultiHit/>
			<FaceDir/>
		</Projectile>
	</Object>
	<Object type="0x3ff6" id="DotCS Lil Skelly Rogue">
		<DisplayId>Lil Skelly Rogue</DisplayId>
		<Class>Character</Class>
		<Enemy/>
		<AnimatedTexture>
			<File>Custom8x8Encounters</File>
			<Index>4</Index>
		</AnimatedTexture>
		<MaxHitPoints>8000</MaxHitPoints>
		<Defense>15</Defense>
		<Size>125</Size>
		<XpMult>25.0</XpMult>
		<Projectile id="0">
			<ObjectId>DotCS Skelly Daggers</ObjectId>
			<Speed>100</Speed>
			<Damage>150</Damage>
			<LifetimeMS>2300</LifetimeMS>
			<Amplitude>0</Amplitude>
			<Frequency>0</Frequency>
			<Size>130</Size>
			<MultiHit/>
			<ConditionEffect duration="2">Bleeding</ConditionEffect>
			<FaceDir/>
		</Projectile>
	</Object>
	<Object type="0x9049" id="DotCS Lil Skelly Protector">
		<DisplayId>Lil Skelly Protector</DisplayId>
		<Class>Character</Class>
		<Enemy/>
		<AnimatedTexture>
			<File>Custom8x8Encounters</File>
			<Index>5</Index>
		</AnimatedTexture>
		<MaxHitPoints>12000</MaxHitPoints>
		<Defense>40</Defense>
		<Size>125</Size>
		<XpMult>25.0</XpMult>
		<Projectile id="0">
			<ObjectId>DotCS Skelly Shield</ObjectId>
			<Speed>35</Speed>
			<Damage>250</Damage>
			<LifetimeMS>2500</LifetimeMS>
			<Amplitude>0</Amplitude>
			<Frequency>0</Frequency>
			<Size>145</Size>
			<MultiHit/>
			<FaceDir/>
		</Projectile>
	</Object>
	<Object type="0x3ff7" id="DotCS Spear Skeleton Static">
		<Class>Character</Class>
		<DisplayId>Spear Skeleton</DisplayId>
		<Texture>
			<File>customEnvironment</File>
			<Index>0xa9</Index>
		</Texture>
		<HitSound>monster/snake_queen_hit</HitSound>
		<DeathSound>monster/snake_queen_death</DeathSound>
		<Size>125</Size>
		<MaxHitPoints>20000</MaxHitPoints>
		<StasisImmune/>
		<ShadowSize>0</ShadowSize>
		<NoMiniMap/>
		<NoArticle/>
	</Object>
	<Object type="0x3ff8" id="DotCS Spear Skeleton">
		<Class>Character</Class>
		<DisplayId>Spear Skeleton</DisplayId>
		<Texture>
			<File>customEnvironment</File>
			<Index>0xa9</Index>
		</Texture>
		<Animation sync="false" prob="1.0" period="0.0">
			<Frame time="0.6">
				<Texture>
					<File>customEnvironment</File>
					<Index>0xa9</Index>
				</Texture>
			</Frame>
			<Frame time="0.6">
				<Texture>
					<File>customEnvironment</File>
					<Index>0xaa</Index>
				</Texture>
			</Frame>
			<Frame time="0.6">
				<Texture>
					<File>customEnvironment</File>
					<Index>0xab</Index>
				</Texture>
			</Frame>
			<Frame time="0.6">
				<Texture>
					<File>customEnvironment</File>
					<Index>0xac</Index>
				</Texture>
			</Frame>
			<Frame time="0.6">
				<Texture>
					<File>customEnvironment</File>
					<Index>0xad</Index>
				</Texture>
			</Frame>
		</Animation>
		<HitSound>monster/snake_queen_hit</HitSound>
		<DeathSound>monster/snake_queen_death</DeathSound>
		<Size>125</Size>
		<MaxHitPoints>20000</MaxHitPoints>
		<StasisImmune/>
		<ShadowSize>0</ShadowSize>
		<NoMiniMap/>
		<NoArticle/>
	</Object>
	<Object type="0x3ff9" id="DotCS Rogue Skeleton Static">
		<Class>Character</Class>
		<DisplayId>Rogue Skeleton</DisplayId>
		<Texture>
			<File>customEnvironment</File>
			<Index>0xd6</Index>
		</Texture>
		<HitSound>monster/snake_queen_hit</HitSound>
		<DeathSound>monster/snake_queen_death</DeathSound>
		<Size>125</Size>
		<MaxHitPoints>20000</MaxHitPoints>
		<StasisImmune/>
		<ShadowSize>0</ShadowSize>
		<NoMiniMap/>
		<NoArticle/>
	</Object>
	<Object type="0x3ffa" id="DotCS Rogue Skeleton">
		<Class>Character</Class>
		<DisplayId>Rogue Skeleton</DisplayId>
		<Texture>
			<File>customEnvironment</File>
			<Index>0xd6</Index>
		</Texture>
		<Animation sync="false" prob="1.0" period="0.0">
			<Frame time="0.6">
				<Texture>
					<File>customEnvironment</File>
					<Index>0xd6</Index>
				</Texture>
			</Frame>
			<Frame time="0.6">
				<Texture>
					<File>customEnvironment</File>
					<Index>0xd7</Index>
				</Texture>
			</Frame>
			<Frame time="0.6">
				<Texture>
					<File>customEnvironment</File>
					<Index>0xd8</Index>
				</Texture>
			</Frame>
			<Frame time="0.6">
				<Texture>
					<File>customEnvironment</File>
					<Index>0xd9</Index>
				</Texture>
			</Frame>
			<Frame time="0.6">
				<Texture>
					<File>customEnvironment</File>
					<Index>0xda</Index>
				</Texture>
			</Frame>
		</Animation>
		<HitSound>monster/snake_queen_hit</HitSound>
		<DeathSound>monster/snake_queen_death</DeathSound>
		<Size>125</Size>
		<MaxHitPoints>20000</MaxHitPoints>
		<StasisImmune/>
		<ShadowSize>0</ShadowSize>
		<NoMiniMap/>
		<NoArticle/>
	</Object>
	<Object type="0x3ffb" id="DotCS Shield Skeleton Static">
		<Class>Character</Class>
		<DisplayId>Shield Skeleton</DisplayId>
		<Texture>
			<File>customEnvironment</File>
			<Index>0xdb</Index>
		</Texture>
		<HitSound>monster/snake_queen_hit</HitSound>
		<DeathSound>monster/snake_queen_death</DeathSound>
		<Size>125</Size>
		<MaxHitPoints>20000</MaxHitPoints>
		<StasisImmune/>
		<ShadowSize>0</ShadowSize>
		<NoMiniMap/>
		<NoArticle/>
	</Object>
	<Object type="0x3ffc" id="DotCS Shield Skeleton">
		<Class>Character</Class>
		<DisplayId>Shield Skeleton</DisplayId>
		<Texture>
			<File>customEnvironment</File>
			<Index>0xdb</Index>
		</Texture>
		<Animation sync="false" prob="1.0" period="0.0">
			<Frame time="0.6">
				<Texture>
					<File>customEnvironment</File>
					<Index>0xdb</Index>
				</Texture>
			</Frame>
			<Frame time="0.6">
				<Texture>
					<File>customEnvironment</File>
					<Index>0xdc</Index>
				</Texture>
			</Frame>
			<Frame time="0.6">
				<Texture>
					<File>customEnvironment</File>
					<Index>0xdd</Index>
				</Texture>
			</Frame>
			<Frame time="0.6">
				<Texture>
					<File>customEnvironment</File>
					<Index>0xde</Index>
				</Texture>
			</Frame>
			<Frame time="0.6">
				<Texture>
					<File>customEnvironment</File>
					<Index>0xdf</Index>
				</Texture>
			</Frame>
		</Animation>
		<HitSound>monster/snake_queen_hit</HitSound>
		<DeathSound>monster/snake_queen_death</DeathSound>
		<Size>125</Size>
		<MaxHitPoints>20000</MaxHitPoints>
		<StasisImmune/>
		<ShadowSize>0</ShadowSize>
		<NoMiniMap/>
		<NoArticle/>
	</Object>
	<Object type="0x9004" id="DotCS Bamboo Thicket">
		<Class>GameObject</Class>
		<Model>Candy Col Whole</Model>
		<Texture>
			<File>customEnvironment16x16</File>
			<Index>0x0b</Index>
		</Texture>
		<Static/>
		<OccupySquare/>
		<FullOccupy/>
		<EnemyOccupySquare/>
		<BlocksSight/>
	</Object>
	<Object type="0x9005" id="DotCS Youkai House">
		<Class>Wall</Class>
		<RandomTexture>
			<Texture>
				<File>customEnvironment</File>
				<Index>0x54</Index>
			</Texture>
			<Texture>
				<File>customEnvironment</File>
				<Index>0x55</Index>
			</Texture>
		</RandomTexture>
		<Top>
			<Texture>
				<File>customEnvironment</File>
				<Index>0x56</Index>
			</Texture>
		</Top>
		<HitSound>monster/stone_walls_hit</HitSound>
		<DeathSound>monster/stone_walls_death</DeathSound>
		<Static/>
		<FullOccupy/>
		<OccupySquare/>
		<EnemyOccupySquare/>
		<BlocksSight/>
	</Object>
	<Object type="0x9006" id="DotCS Youkai House Talisman">
		<Class>Wall</Class>
		<RandomTexture>
			<Texture>
				<File>customEnvironment</File>
				<Index>0x57</Index>
			</Texture>
			<Texture>
				<File>customEnvironment</File>
				<Index>0x58</Index>
			</Texture>
			<Texture>
				<File>customEnvironment</File>
				<Index>0x59</Index>
			</Texture>
		</RandomTexture>
		<Top>
			<Texture>
				<File>customEnvironment</File>
				<Index>0x5a</Index>
			</Texture>
		</Top>
		<HitSound>monster/stone_walls_hit</HitSound>
		<DeathSound>monster/stone_walls_death</DeathSound>
		<Static/>
		<FullOccupy/>
		<OccupySquare/>
		<EnemyOccupySquare/>
		<BlocksSight/>
	</Object>
	<Object type="0x9007" id="DotCS Elemental Aura Barrier Fire">
		<Class>Wall</Class>
		<Texture>
			<File>customEnvironment</File>
			<Index>0x5b</Index>
		</Texture>
		<Top>
			<Texture>
				<File>customEnvironment</File>
				<Index>0x60</Index>
			</Texture>
		</Top>
		<HitSound>monster/stone_walls_hit</HitSound>
		<DeathSound>monster/stone_walls_death</DeathSound>
		<Static/>
		<FullOccupy/>
		<OccupySquare/>
		<EnemyOccupySquare/>
		<BlocksSight/>
	</Object>
	<Object type="0x9008" id="DotCS Elemental Aura Barrier Water">
		<Class>Wall</Class>
		<Texture>
			<File>customEnvironment</File>
			<Index>0x5c</Index>
		</Texture>
		<Top>
			<Texture>
				<File>customEnvironment</File>
				<Index>0x60</Index>
			</Texture>
		</Top>
		<HitSound>monster/stone_walls_hit</HitSound>
		<DeathSound>monster/stone_walls_death</DeathSound>
		<Static/>
		<FullOccupy/>
		<OccupySquare/>
		<EnemyOccupySquare/>
		<BlocksSight/>
	</Object>
	<Object type="0x9009" id="DotCS Elemental Aura Barrier Wood">
		<Class>Wall</Class>
		<Texture>
			<File>customEnvironment</File>
			<Index>0x5d</Index>
		</Texture>
		<Top>
			<Texture>
				<File>customEnvironment</File>
				<Index>0x60</Index>
			</Texture>
		</Top>
		<HitSound>monster/stone_walls_hit</HitSound>
		<DeathSound>monster/stone_walls_death</DeathSound>
		<Static/>
		<FullOccupy/>
		<OccupySquare/>
		<EnemyOccupySquare/>
		<BlocksSight/>
	</Object>
	<Object type="0x9010" id="DotCS Elemental Aura Barrier Wind">
		<Class>Wall</Class>
		<Texture>
			<File>customEnvironment</File>
			<Index>0x5e</Index>
		</Texture>
		<Top>
			<Texture>
				<File>customEnvironment</File>
				<Index>0x60</Index>
			</Texture>
		</Top>
		<HitSound>monster/stone_walls_hit</HitSound>
		<DeathSound>monster/stone_walls_death</DeathSound>
		<Static/>
		<FullOccupy/>
		<OccupySquare/>
		<EnemyOccupySquare/>
		<BlocksSight/>
	</Object>
	<Object type="0x9011" id="DotCS Elemental Aura Barrier Metal">
		<Class>Wall</Class>
		<Texture>
			<File>customEnvironment</File>
			<Index>0x5f</Index>
		</Texture>
		<Top>
			<Texture>
				<File>customEnvironment</File>
				<Index>0x60</Index>
			</Texture>
		</Top>
		<HitSound>monster/stone_walls_hit</HitSound>
		<DeathSound>monster/stone_walls_death</DeathSound>
		<Static/>
		<FullOccupy/>
		<OccupySquare/>
		<EnemyOccupySquare/>
		<BlocksSight/>
	</Object>
	<Object type="0x9012" id="DotCS Fire Aura Wall">
		<Class>Wall</Class>
		<RandomTexture>
			<Texture>
				<File>customEnvironment</File>
				<Index>0x61</Index>
			</Texture>
			<Texture>
				<File>customEnvironment</File>
				<Index>0x62</Index>
			</Texture>
			<Texture>
				<File>customEnvironment</File>
				<Index>0x63</Index>
			</Texture>
			<Texture>
				<File>customEnvironment</File>
				<Index>0x64</Index>
			</Texture>
			<Texture>
				<File>customEnvironment</File>
				<Index>0x65</Index>
			</Texture>
			<Texture>
				<File>customEnvironment</File>
				<Index>0x66</Index>
			</Texture>
			<Texture>
				<File>customEnvironment</File>
				<Index>0x67</Index>
			</Texture>
		</RandomTexture>
		<Top>
			<Texture>
				<File>customEnvironment</File>
				<Index>0x68</Index>
			</Texture>
		</Top>
		<HitSound>monster/stone_walls_hit</HitSound>
		<DeathSound>monster/stone_walls_death</DeathSound>
		<Static/>
		<FullOccupy/>
		<OccupySquare/>
		<EnemyOccupySquare/>
		<BlocksSight/>
	</Object>
	<Object type="0x9013" id="DotCS Water Aura Wall">
		<Class>Wall</Class>
		<RandomTexture>
			<Texture>
				<File>customEnvironment</File>
				<Index>0x69</Index>
			</Texture>
			<Texture>
				<File>customEnvironment</File>
				<Index>0x6a</Index>
			</Texture>
			<Texture>
				<File>customEnvironment</File>
				<Index>0x6b</Index>
			</Texture>
			<Texture>
				<File>customEnvironment</File>
				<Index>0x6c</Index>
			</Texture>
			<Texture>
				<File>customEnvironment</File>
				<Index>0x6d</Index>
			</Texture>
			<Texture>
				<File>customEnvironment</File>
				<Index>0x6e</Index>
			</Texture>
			<Texture>
				<File>customEnvironment</File>
				<Index>0x6f</Index>
			</Texture>
		</RandomTexture>
		<Top>
			<Texture>
				<File>customEnvironment</File>
				<Index>0x70</Index>
			</Texture>
		</Top>
		<HitSound>monster/stone_walls_hit</HitSound>
		<DeathSound>monster/stone_walls_death</DeathSound>
		<Static/>
		<FullOccupy/>
		<OccupySquare/>
		<EnemyOccupySquare/>
		<BlocksSight/>
	</Object>
	<Object type="0x9014" id="DotCS Wood Aura Wall">
		<Class>Wall</Class>
		<RandomTexture>
			<Texture>
				<File>customEnvironment</File>
				<Index>0x71</Index>
			</Texture>
			<Texture>
				<File>customEnvironment</File>
				<Index>0x72</Index>
			</Texture>
			<Texture>
				<File>customEnvironment</File>
				<Index>0x73</Index>
			</Texture>
			<Texture>
				<File>customEnvironment</File>
				<Index>0x74</Index>
			</Texture>
			<Texture>
				<File>customEnvironment</File>
				<Index>0x75</Index>
			</Texture>
			<Texture>
				<File>customEnvironment</File>
				<Index>0x76</Index>
			</Texture>
			<Texture>
				<File>customEnvironment</File>
				<Index>0x77</Index>
			</Texture>
		</RandomTexture>
		<Top>
			<Texture>
				<File>customEnvironment</File>
				<Index>0x78</Index>
			</Texture>
		</Top>
		<HitSound>monster/stone_walls_hit</HitSound>
		<DeathSound>monster/stone_walls_death</DeathSound>
		<Static/>
		<FullOccupy/>
		<OccupySquare/>
		<EnemyOccupySquare/>
		<BlocksSight/>
	</Object>
	<Object type="0x9015" id="DotCS Wind Aura Wall">
		<Class>Wall</Class>
		<RandomTexture>
			<Texture>
				<File>customEnvironment</File>
				<Index>0x79</Index>
			</Texture>
			<Texture>
				<File>customEnvironment</File>
				<Index>0x7a</Index>
			</Texture>
			<Texture>
				<File>customEnvironment</File>
				<Index>0x7b</Index>
			</Texture>
			<Texture>
				<File>customEnvironment</File>
				<Index>0x7c</Index>
			</Texture>
			<Texture>
				<File>customEnvironment</File>
				<Index>0x7d</Index>
			</Texture>
			<Texture>
				<File>customEnvironment</File>
				<Index>0x7e</Index>
			</Texture>
			<Texture>
				<File>customEnvironment</File>
				<Index>0x7f</Index>
			</Texture>
		</RandomTexture>
		<Top>
			<Texture>
				<File>customEnvironment</File>
				<Index>0x80</Index>
			</Texture>
		</Top>
		<HitSound>monster/stone_walls_hit</HitSound>
		<DeathSound>monster/stone_walls_death</DeathSound>
		<Static/>
		<FullOccupy/>
		<OccupySquare/>
		<EnemyOccupySquare/>
		<BlocksSight/>
	</Object>
	<Object type="0x9016" id="DotCS Metal Aura Wall">
		<Class>Wall</Class>
		<RandomTexture>
			<Texture>
				<File>customEnvironment</File>
				<Index>0x81</Index>
			</Texture>
			<Texture>
				<File>customEnvironment</File>
				<Index>0x82</Index>
			</Texture>
			<Texture>
				<File>customEnvironment</File>
				<Index>0x83</Index>
			</Texture>
			<Texture>
				<File>customEnvironment</File>
				<Index>0x84</Index>
			</Texture>
			<Texture>
				<File>customEnvironment</File>
				<Index>0x85</Index>
			</Texture>
			<Texture>
				<File>customEnvironment</File>
				<Index>0x86</Index>
			</Texture>
			<Texture>
				<File>customEnvironment</File>
				<Index>0x87</Index>
			</Texture>
		</RandomTexture>
		<Top>
			<Texture>
				<File>customEnvironment</File>
				<Index>0x88</Index>
			</Texture>
		</Top>
		<HitSound>monster/stone_walls_hit</HitSound>
		<DeathSound>monster/stone_walls_death</DeathSound>
		<Static/>
		<FullOccupy/>
		<OccupySquare/>
		<EnemyOccupySquare/>
		<BlocksSight/>
	</Object>
	<Object type="0x9017" id="DotCS Chaos Aura Wall">
		<Class>Wall</Class>
		<RandomTexture>
			<Texture>
				<File>customEnvironment</File>
				<Index>0x89</Index>
			</Texture>
			<Texture>
				<File>customEnvironment</File>
				<Index>0x8a</Index>
			</Texture>
			<Texture>
				<File>customEnvironment</File>
				<Index>0x8b</Index>
			</Texture>
			<Texture>
				<File>customEnvironment</File>
				<Index>0x8c</Index>
			</Texture>
			<Texture>
				<File>customEnvironment</File>
				<Index>0x8d</Index>
			</Texture>
			<Texture>
				<File>customEnvironment</File>
				<Index>0x8e</Index>
			</Texture>
			<Texture>
				<File>customEnvironment</File>
				<Index>0x8f</Index>
			</Texture>
		</RandomTexture>
		<Top>
			<Texture>
				<File>customEnvironment</File>
				<Index>0x90</Index>
			</Texture>
		</Top>
		<HitSound>monster/stone_walls_hit</HitSound>
		<DeathSound>monster/stone_walls_death</DeathSound>
		<Static/>
		<FullOccupy/>
		<OccupySquare/>
		<EnemyOccupySquare/>
		<BlocksSight/>
	</Object>
	<Object type="0x9018" id="DotCS Light Aura Wall">
		<Class>Wall</Class>
		<RandomTexture>
			<Texture>
				<File>customEnvironment</File>
				<Index>0x91</Index>
			</Texture>
			<Texture>
				<File>customEnvironment</File>
				<Index>0x92</Index>
			</Texture>
			<Texture>
				<File>customEnvironment</File>
				<Index>0x93</Index>
			</Texture>
			<Texture>
				<File>customEnvironment</File>
				<Index>0x94</Index>
			</Texture>
			<Texture>
				<File>customEnvironment</File>
				<Index>0x95</Index>
			</Texture>
			<Texture>
				<File>customEnvironment</File>
				<Index>0x96</Index>
			</Texture>
			<Texture>
				<File>customEnvironment</File>
				<Index>0x97</Index>
			</Texture>
		</RandomTexture>
		<Top>
			<Texture>
				<File>customEnvironment</File>
				<Index>0x98</Index>
			</Texture>
		</Top>
		<HitSound>monster/stone_walls_hit</HitSound>
		<DeathSound>monster/stone_walls_death</DeathSound>
		<Static/>
		<FullOccupy/>
		<OccupySquare/>
		<EnemyOccupySquare/>
		<BlocksSight/>
	</Object>
	<Object type="0x9019" id="DotCS Dark Aura Wall">
		<Class>Wall</Class>
		<RandomTexture>
			<Texture>
				<File>customEnvironment</File>
				<Index>0x99</Index>
			</Texture>
			<Texture>
				<File>customEnvironment</File>
				<Index>0x9a</Index>
			</Texture>
			<Texture>
				<File>customEnvironment</File>
				<Index>0x9b</Index>
			</Texture>
			<Texture>
				<File>customEnvironment</File>
				<Index>0x9c</Index>
			</Texture>
			<Texture>
				<File>customEnvironment</File>
				<Index>0x9d</Index>
			</Texture>
			<Texture>
				<File>customEnvironment</File>
				<Index>0x9e</Index>
			</Texture>
			<Texture>
				<File>customEnvironment</File>
				<Index>0x9f</Index>
			</Texture>
		</RandomTexture>
		<Top>
			<Texture>
				<File>customEnvironment</File>
				<Index>0xa0</Index>
			</Texture>
		</Top>
		<HitSound>monster/stone_walls_hit</HitSound>
		<DeathSound>monster/stone_walls_death</DeathSound>
		<Static/>
		<FullOccupy/>
		<OccupySquare/>
		<EnemyOccupySquare/>
		<BlocksSight/>
	</Object>
	<Object type="0x9020" id="DotCS Small Lanturn">
		<Class>GameObject</Class>
		<Texture>
			<File>customEnvironment</File>
			<Index>0xa1</Index>
		</Texture>
		<Animation prob="1.0" period="0.0">
			<Frame time="0.2">
				<Texture>
					<File>customEnvironment</File>
					<Index>0xa1</Index>
				</Texture>
			</Frame>
			<Frame time="0.2">
				<Texture>
					<File>customEnvironment</File>
					<Index>0xa2</Index>
				</Texture>
			</Frame>
			<Frame time="0.2">
				<Texture>
					<File>customEnvironment</File>
					<Index>0xa3</Index>
				</Texture>
			</Frame>
			<Frame time="0.2">
				<Texture>
					<File>customEnvironment</File>
					<Index>0xa2</Index>
				</Texture>
			</Frame>
		</Animation>
		<Static/>
		<OccupySquare/>
		<HitSound>monster/trees_hit</HitSound>
		<DeathSound>monster/tress_death</DeathSound>
	</Object>
	<Object type="0x9021" id="DotCS Table">
		<Class>GameObject</Class>
		<Texture>
			<File>customEnvironment</File>
			<Index>0xa4</Index>
		</Texture>
		<Static/>
		<OccupySquare/>
		<HitSound>monster/trees_hit</HitSound>
		<DeathSound>monster/tress_death</DeathSound>
	</Object>
	<Object type="0x9022" id="DotCS Pillow">
		<Class>GameObject</Class>
		<Texture>
			<File>customEnvironment</File>
			<Index>0xa5</Index>
		</Texture>
		<OccupySquare/>
		<HitSound>monster/trees_hit</HitSound>
		<DeathSound>monster/tress_death</DeathSound>
	</Object>
	<Object type="0x9023" id="DotCS Large Lanturn">
		<Class>GameObject</Class>
		<Texture>
			<File>customEnvironment16x16</File>
			<Index>0x00</Index>
		</Texture>
		<Animation prob="1.0" period="0.0">
			<Frame time="0.2">
				<Texture>
					<File>customEnvironment16x16</File>
					<Index>0x00</Index>
				</Texture>
			</Frame>
			<Frame time="0.2">
				<Texture>
					<File>customEnvironment16x16</File>
					<Index>0x01</Index>
				</Texture>
			</Frame>
			<Frame time="0.2">
				<Texture>
					<File>customEnvironment16x16</File>
					<Index>0x02</Index>
				</Texture>
			</Frame>
			<Frame time="0.2">
				<Texture>
					<File>customEnvironment16x16</File>
					<Index>0x01</Index>
				</Texture>
			</Frame>
		</Animation>
		<Static/>
		<OccupySquare/>
		<HitSound>monster/trees_hit</HitSound>
		<DeathSound>monster/tress_death</DeathSound>
	</Object>
	<Object type="0x9024" id="DotCS Large Bamboo Light">
		<Class>GameObject</Class>
		<RandomTexture>
			<Texture>
				<File>customEnvironment16x16</File>
				<Index>0x03</Index>
			</Texture>
			<Texture>
				<File>customEnvironment16x16</File>
				<Index>0x04</Index>
			</Texture>
			<Texture>
				<File>customEnvironment16x16</File>
				<Index>0x05</Index>
			</Texture>
			<Texture>
				<File>customEnvironment16x16</File>
				<Index>0x06</Index>
			</Texture>
		</RandomTexture>
		<OccupySquare/>
		<HitSound>monster/trees_hit</HitSound>
		<DeathSound>monster/tress_death</DeathSound>
	</Object>
	<Object type="0x9025" id="DotCS Large Bamboo Dark">
		<Class>GameObject</Class>
		<RandomTexture>
			<Texture>
				<File>customEnvironment16x16</File>
				<Index>0x07</Index>
			</Texture>
			<Texture>
				<File>customEnvironment16x16</File>
				<Index>0x08</Index>
			</Texture>
			<Texture>
				<File>customEnvironment16x16</File>
				<Index>0x09</Index>
			</Texture>
			<Texture>
				<File>customEnvironment16x16</File>
				<Index>0x0a</Index>
			</Texture>
		</RandomTexture>
		<OccupySquare/>
		<HitSound>monster/trees_hit</HitSound>
		<DeathSound>monster/tress_death</DeathSound>
	</Object>
	<Object type="0x9026" id="DotCS Fire Gate">
		<Enemy/>
		<Class>Character</Class>
		<Texture>
			<File>customEnvironment16x16</File>
			<Index>0x0c</Index>
		</Texture>
		<Animation prob="1.0" period="0.0">
			<Frame time="0.2">
				<Texture>
					<File>customEnvironment16x16</File>
					<Index>0x0c</Index>
				</Texture>
			</Frame>
			<Frame time="0.2">
				<Texture>
					<File>customEnvironment16x16</File>
					<Index>0x0d</Index>
				</Texture>
			</Frame>
			<Frame time="0.2">
				<Texture>
					<File>customEnvironment16x16</File>
					<Index>0x0e</Index>
				</Texture>
			</Frame>
			<Frame time="0.2">
				<Texture>
					<File>customEnvironment16x16</File>
					<Index>0x0c</Index>
				</Texture>
			</Frame>
		</Animation>
		<OccupySquare/>
		<MaxHitPoints>50000</MaxHitPoints>
		<Size>150</Size>
		<Defense>200</Defense>
		<HitSound>monster/trees_hit</HitSound>
		<DeathSound>monster/tress_death</DeathSound>
	</Object>
	<Object type="0x9027" id="DotCS Bamboo Thicket Fake">
		<Class>GameObject</Class>
		<Model>Candy Col Whole</Model>
		<Texture>
			<File>customEnvironment16x16</File>
			<Index>0x0b</Index>
		</Texture>
		<OccupySquare/>
		<FullOccupy/>
		<EnemyOccupySquare/>
		<BlocksSight/>
	</Object>
	<Object type="0x9028" id="DotCS Water Gate">
		<Enemy/>
		<Class>Character</Class>
		<Texture>
			<File>customEnvironment16x16</File>
			<Index>0x0f</Index>
		</Texture>
		<Animation prob="1.0" period="0.0">
			<Frame time="0.2">
				<Texture>
					<File>customEnvironment16x16</File>
					<Index>0x0f</Index>
				</Texture>
			</Frame>
			<Frame time="0.2">
				<Texture>
					<File>customEnvironment16x16</File>
					<Index>0x10</Index>
				</Texture>
			</Frame>
			<Frame time="0.2">
				<Texture>
					<File>customEnvironment16x16</File>
					<Index>0x11</Index>
				</Texture>
			</Frame>
			<Frame time="0.2">
				<Texture>
					<File>customEnvironment16x16</File>
					<Index>0x0f</Index>
				</Texture>
			</Frame>
		</Animation>
		<OccupySquare/>
		<MaxHitPoints>50000</MaxHitPoints>
		<Size>150</Size>
		<Defense>200</Defense>
		<HitSound>monster/trees_hit</HitSound>
		<DeathSound>monster/tress_death</DeathSound>
	</Object>
	<Object type="0x9029" id="DotCS Wood Gate">
		<Enemy/>
		<Class>Character</Class>
		<Texture>
			<File>customEnvironment16x16</File>
			<Index>0x12</Index>
		</Texture>
		<OccupySquare/>
		<MaxHitPoints>50000</MaxHitPoints>
		<Size>150</Size>
		<Defense>200</Defense>
		<HitSound>monster/trees_hit</HitSound>
		<DeathSound>monster/tress_death</DeathSound>
	</Object>
	<Object type="0x902a" id="DotCS Wind Gate">
		<Enemy/>
		<Class>Character</Class>
		<Texture>
			<File>customEnvironment16x16</File>
			<Index>0x13</Index>
		</Texture>
		<Animation prob="1.0" period="0.0">
			<Frame time="0.2">
				<Texture>
					<File>customEnvironment16x16</File>
					<Index>0x13</Index>
				</Texture>
			</Frame>
			<Frame time="0.2">
				<Texture>
					<File>customEnvironment16x16</File>
					<Index>0x14</Index>
				</Texture>
			</Frame>
			<Frame time="0.2">
				<Texture>
					<File>customEnvironment16x16</File>
					<Index>0x15</Index>
				</Texture>
			</Frame>
			<Frame time="0.2">
				<Texture>
					<File>customEnvironment16x16</File>
					<Index>0x16</Index>
				</Texture>
			</Frame>
			<Frame time="0.2">
				<Texture>
					<File>customEnvironment16x16</File>
					<Index>0x13</Index>
				</Texture>
			</Frame>
		</Animation>
		<OccupySquare/>
		<MaxHitPoints>50000</MaxHitPoints>
		<Size>150</Size>
		<Defense>200</Defense>
		<HitSound>monster/trees_hit</HitSound>
		<DeathSound>monster/tress_death</DeathSound>
	</Object>
	<Object type="0x902b" id="DotCS Metal Gate">
		<Enemy/>
		<Class>Character</Class>
		<Texture>
			<File>customEnvironment16x16</File>
			<Index>0x17</Index>
		</Texture>
		<Animation prob="1.0" period="0.0">
			<Frame time="0.2">
				<Texture>
					<File>customEnvironment16x16</File>
					<Index>0x17</Index>
				</Texture>
			</Frame>
			<Frame time="0.2">
				<Texture>
					<File>customEnvironment16x16</File>
					<Index>0x18</Index>
				</Texture>
			</Frame>
			<Frame time="0.2">
				<Texture>
					<File>customEnvironment16x16</File>
					<Index>0x19</Index>
				</Texture>
			</Frame>
			<Frame time="0.2">
				<Texture>
					<File>customEnvironment16x16</File>
					<Index>0x1a</Index>
				</Texture>
			</Frame>
			<Frame time="0.2">
				<Texture>
					<File>customEnvironment16x16</File>
					<Index>0x17</Index>
				</Texture>
			</Frame>
		</Animation>
		<OccupySquare/>
		<MaxHitPoints>50000</MaxHitPoints>
		<Size>150</Size>
		<Defense>200</Defense>
		<HitSound>monster/trees_hit</HitSound>
		<DeathSound>monster/tress_death</DeathSound>
	</Object>
	<Object type="0x9030" id="DotCS Elemental Aura Barrier">
		<Class>Wall</Class>
		<Texture>
			<File>customEnvironment</File>
			<Index>0xa6</Index>
		</Texture>
		<Top>
			<Texture>
				<File>customEnvironment</File>
				<Index>0x60</Index>
			</Texture>
		</Top>
		<HitSound>monster/stone_walls_hit</HitSound>
		<DeathSound>monster/stone_walls_death</DeathSound>
		<Static/>
		<FullOccupy/>
		<OccupySquare/>
		<EnemyOccupySquare/>
		<BlocksSight/>
	</Object>
	<Object type="0x9031" id="DotCS Invis Barrier">
		<Class>Character</Class>
		<Texture>
			<File>customEnvironment</File>
			<Index>0xa7</Index>
		</Texture>
		<HitSound>monster/snake_queen_hit</HitSound>
		<DeathSound>monster/snake_queen_death</DeathSound>
		<Size>100</Size>
		<MaxHitPoints>20000</MaxHitPoints>
		<StasisImmune/>
		<ShadowSize>0</ShadowSize>
		<NoMiniMap/>
		<NoArticle/>
	</Object>
	<Object type="0x9032" id="DotCS Invis Barrier Mid">
		<Class>Character</Class>
		<Texture>
			<File>customEnvironment</File>
			<Index>0xa7</Index>
		</Texture>
		<HitSound>monster/snake_queen_hit</HitSound>
		<DeathSound>monster/snake_queen_death</DeathSound>
		<Size>100</Size>
		<MaxHitPoints>20000</MaxHitPoints>
		<StasisImmune/>
		<ShadowSize>0</ShadowSize>
		<NoMiniMap/>
		<NoArticle/>
	</Object>
	<Object type="0x9033" id="DotCS Warning Skeleton">
		<Class>Character</Class>
		<DisplayId>Fallen Hero</DisplayId>
		<Texture>
			<File>customEnvironment</File>
			<Index>0xa8</Index>
		</Texture>
		<HitSound>monster/snake_queen_hit</HitSound>
		<DeathSound>monster/snake_queen_death</DeathSound>
		<Size>100</Size>
		<MaxHitPoints>20000</MaxHitPoints>
		<StasisImmune/>
		<ShadowSize>0</ShadowSize>
		<NoMiniMap/>
		<NoArticle/>
	</Object>
	<Object type="0x9034" id="DotCS SP Spawner">
		<Class>Character</Class>
		<Texture>
			<File>customEnvironment</File>
			<Index>0xa7</Index>
		</Texture>
		<HitSound>monster/snake_queen_hit</HitSound>
		<DeathSound>monster/snake_queen_death</DeathSound>
		<Size>100</Size>
		<MaxHitPoints>20000</MaxHitPoints>
		<StasisImmune/>
		<ShadowSize>0</ShadowSize>
		<NoMiniMap/>
		<NoArticle/>
	</Object>
	<Object type="0x3ffd" id="Dotcs Susano">
		<DisplayId>Susano</DisplayId>
		<Class>Character</Class>
		<Enemy/>
		<Hero/>
		<Quest/>
		<Level>20</Level>
		<God/>
		<StasisImmune/>
		<DazedImmune />
		<ParalyzeImmune />
		<StunImmune />
		<SlowedImmune />
		<AnimatedTexture>
			<File>Custom64x64Encounters</File>
			<Index>1</Index>
		</AnimatedTexture>
		<MaxHitPoints>800000</MaxHitPoints>
		<Defense>55</Defense>
		<Size>150</Size>
		<XpMult>1.0</XpMult>
		<Projectile id="0">
			<ObjectId>DotCS Golden Shot</ObjectId>
			<Speed>100</Speed>
			<Damage>150</Damage>
			<LifetimeMS>1700</LifetimeMS>
			<Size>125</Size>
			<FaceDir/>
			<MultiHit/>
			<PassesCover/>
		</Projectile>
	</Object>
	<Object type="0x3ffe" id="Dotcs Mizuchi">
		<DisplayId>Mizuchi</DisplayId>
		<Class>Character</Class>
		<Enemy/>
		<AnimatedTexture>
			<File>Custom16x16Encounters</File>
			<Index>16</Index>
		</AnimatedTexture>
		<AltTexture id="1">
			<AnimatedTexture>
				<File>Custom16x16Encounters</File>
				<Index>17</Index>
			</AnimatedTexture>
		</AltTexture>
		<MaxHitPoints>180000</MaxHitPoints>
		<Defense>30</Defense>
		<Size>220</Size>
		<XpMult>20.0</XpMult>
		<StasisImmune/>
		<DazedImmune />
		<ParalyzeImmune />
		<StunImmune />
		<SlowedImmune />
		<Projectile id="0">
			<ObjectId>DotCS Mizuchi Slash</ObjectId>
			<Speed>65</Speed>
			<Damage>165</Damage>
			<LifetimeMS>2500</LifetimeMS>
			<Size>130</Size>
			<FaceDir/>
			<MultiHit/>
			<PassesCover/>
			<ConditionEffect duration="1.8">Dazed</ConditionEffect>
		</Projectile>
		<Projectile id="1">
			<ObjectId>DotCS Mizuchi Bite</ObjectId>
			<Speed>90</Speed>
			<Damage>180</Damage>
			<LifetimeMS>2000</LifetimeMS>
			<Size>140</Size>
			<FaceDir/>
			<MultiHit/>
			<PassesCover/>
			<ArmorPiercing/>
			<ConditionEffect duration="2.5">Bleeding</ConditionEffect>
		</Projectile>
		<Projectile id="2">
			<ObjectId>DotCS Mizuchi Flame</ObjectId>
			<Speed>50</Speed>
			<Damage>320</Damage>
			<LifetimeMS>3000</LifetimeMS>
			<Size>130</Size>
			<FaceDir/>
			<MultiHit/>
			<PassesCover/>
			<ArmorPiercing/>
			<ConditionEffect duration="3">Armor Broken</ConditionEffect>
		</Projectile>
	</Object>
	<Object type="0x435f" id="Dotcs Mizuchi Tower">
		<DisplayId>Mizuchi Tower</DisplayId>
		<Enemy/>
		<Class>Character</Class>
		<AnimatedTexture>
			<File>Custom8x8Encounters</File>
			<Index>92</Index>
		</AnimatedTexture>
		<Size>100</Size>
		<MaxHitPoints>10000</MaxHitPoints>
		<Defense>15</Defense>
		<Projectile id="0">
			<ObjectId>DotCS Mizuchi Flame</ObjectId>
			<Speed>50</Speed>
			<Damage>320</Damage>
			<LifetimeMS>3000</LifetimeMS>
			<Size>130</Size>
			<FaceDir/>
			<MultiHit/>
			<PassesCover/>
			<ArmorPiercing/>
			<ConditionEffect duration="3">Armor Broken</ConditionEffect>
		</Projectile>
	</Object>
</Objects>
