<?xml version="1.0" encoding="ISO-8859-1"?>

<Objects>
   <Object type="0x600" id="Pirate">
      <Group>Pirates</Group>
      <Enemy/>
      <Class>Character</Class>
      <AnimatedTexture>
         <File>chars8x8rBeach</File>
         <Index>1</Index>
      </AnimatedTexture>
      <HitSound>monster/pirates_hit</HitSound>
      <DeathSound>monster/pirates_death</DeathSound>
      <Size>100</Size>
      <MaxHitPoints>5</MaxHitPoints>
      <Defense>0</Defense>
      <Terrain>ShoreSand</Terrain>
      <Projectile id="0">
         <ObjectId>Blade</ObjectId>
         <Damage>4</Damage>
         <Speed>40</Speed>
         <LifetimeMS>600</LifetimeMS>
      </Projectile>
   </Object>
   <Object type="0x601" id="Piratess">
      <Group>Pirates</Group>
      <Enemy/>
      <Class>Character</Class>
      <AnimatedTexture>
         <File>chars8x8rBeach</File>
         <Index>2</Index>
      </AnimatedTexture>
      <HitSound>monster/pirates_hit</HitSound>
      <DeathSound>monster/pirates_death</DeathSound>
      <Size>100</Size>
      <MaxHitPoints>6</MaxHitPoints>
      <Defense>0</Defense>
      <Terrain>ShoreSand</Terrain>
      <SpawnProb>1.0</SpawnProb>
      <Projectile id="0">
         <ObjectId>Blade</ObjectId>
         <Damage>4</Damage>
         <Speed>40</Speed>
         <LifetimeMS>600</LifetimeMS>
      </Projectile>
   </Object>
   <Object type="0x602" id="Snake">
      <Group>Snakes</Group>
      <Enemy/>
      <Class>Character</Class>
      <AnimatedTexture>
         <File>chars8x8dBeach</File>
         <Index>0</Index>
      </AnimatedTexture>
      <HitSound>monster/snakes_hit</HitSound>
      <DeathSound>monster/snakes_death</DeathSound>
      <Size>80</Size>
      <MaxHitPoints>5</MaxHitPoints>
      <Defense>0</Defense>
      <Terrain>ShoreSand</Terrain>
      <SpawnProb>1.0</SpawnProb>
      <Spawn>
         <Mean>5</Mean>
         <StdDev>1</StdDev>
         <Min>2</Min>
         <Max>7</Max>
      </Spawn>
      <Projectile id="0">
         <ObjectId>Green Magic</ObjectId>
         <Damage>4</Damage>
         <Speed>40</Speed>
         <LifetimeMS>2000</LifetimeMS>
      </Projectile>
   </Object>
   <Object type="0x603" id="Poison Scorpion">
      <Group>Scorpions</Group>
      <Enemy/>
      <Class>Character</Class>
      <AnimatedTexture>
         <File>chars8x8rBeach</File>
         <Index>4</Index>
      </AnimatedTexture>
      <HitSound>monster/scorpions_hit</HitSound>
      <DeathSound>monster/scorpions_death</DeathSound>
      <Size>100</Size>
      <MaxHitPoints>10</MaxHitPoints>
      <Defense>0</Defense>
      <Terrain>ShoreSand</Terrain>
      <Projectile id="0">
         <ObjectId>Green Magic</ObjectId>
         <Damage>7</Damage>
         <Speed>40</Speed>
         <LifetimeMS>2000</LifetimeMS>
      </Projectile>
   </Object>
	<Object type="0x604" id="Scorpion Queen">
		<Group>Scorpions</Group>
		<Enemy/>
		<NoWiki/>
		<Class>Character</Class>
		<AnimatedTexture>
			<File>chars16x16dEncounters2</File>
			<Index>95</Index>
		</AnimatedTexture>
		<HitSound>monster/scorpions_hit</HitSound>
		<DeathSound>monster/scorpions_death</DeathSound>
		<Size>125</Size>
		<MaxHitPoints>150</MaxHitPoints>
		<Defense>5</Defense>
		<Terrain>ShoreSand</Terrain>
		<Quest/>
		<Level>1</Level>
		<XpMult>4</XpMult>
		<SpawnProb>0.75</SpawnProb>
	</Object>
   <Object type="0x0953" id="Bandit Leader">
      <Group>Bandits</Group>
      <Enemy/>
      <Class>Character</Class>
      <AnimatedTexture>
         <File>chars8x8rBeach</File>
         <Index>10</Index>
      </AnimatedTexture>
      <HitSound>monster/elves_hit</HitSound>
      <DeathSound>monster/elves_death</DeathSound>
      <Size>150</Size>
      <MaxHitPoints>280</MaxHitPoints>
      <Defense>2</Defense>
      <Terrain>ShoreSand</Terrain>
      <Quest/>
	  <NoWiki/>
      <Level>2</Level>
      <XpMult>1.6</XpMult>
      <SpawnProb>0.75</SpawnProb>
      <Projectile id="0">
         <ObjectId>Blade</ObjectId>
         <Damage>9</Damage>
         <Speed>60</Speed>
         <Size>60</Size>
         <LifetimeMS>800</LifetimeMS>
      </Projectile>
   </Object>
   <Object type="0x0954" id="Bandit Enemy">
      <Group>Bandits</Group>
      <DisplayId>Bandit</DisplayId>
      <Enemy/>
      <Class>Character</Class>
      <AnimatedTexture>
         <File>chars8x8rBeach</File>
         <Index>11</Index>
      </AnimatedTexture>
      <HitSound>monster/elves_hit</HitSound>
      <DeathSound>monster/elves_death</DeathSound>
      <Size>100</Size>
      <MaxHitPoints>50</MaxHitPoints>
      <Defense>1</Defense>
      <Terrain>ShoreSand</Terrain>
      <Projectile id="0">
         <ObjectId>Blade</ObjectId>
         <Damage>9</Damage>
         <Speed>60</Speed>
         <Size>60</Size>
         <LifetimeMS>600</LifetimeMS>
      </Projectile>
      <Projectile id="1">
         <ObjectId>Blade</ObjectId>
         <Damage>8</Damage>
         <Speed>60</Speed>
         <Size>60</Size>
         <LifetimeMS>1000</LifetimeMS>
      </Projectile>
   </Object>
	<Object type="0x60e" id="Red Gelatinous Cube">
		<Group>Cubes</Group>
		<Enemy/>
		<Class>Character</Class>
		<AnimatedTexture>
			<File>chars8x8rMid2</File>
			<Index>49</Index>
		</AnimatedTexture>
		<HitSound>monster/cubes_hit</HitSound>
		<DeathSound>monster/cubes_death</DeathSound>
		<Size>80</Size>
		<MaxHitPoints>70</MaxHitPoints>
		<Defense>0</Defense>
		<Terrain>ShorePlains</Terrain>
		<SpawnProb>1.0</SpawnProb>
		<Spawn>
			<Mean>5</Mean>
			<StdDev>1</StdDev>
			<Min>2</Min>
			<Max>7</Max>
		</Spawn>
		<Cube/>
		<XpMult>0.6</XpMult>
		<Projectile id="0">
			<ObjectId>Red Cube Shot</ObjectId>
			<Damage>15</Damage>
			<Speed>60</Speed>
			<LifetimeMS>2000</LifetimeMS>
		</Projectile>
	</Object>
	<Object type="0x60f" id="Purple Gelatinous Cube">
		<Group>Cubes</Group>
		<Enemy/>
		<Class>Character</Class>
		<AnimatedTexture>
			<File>chars8x8rMid2</File>
			<Index>50</Index>
		</AnimatedTexture>
		<HitSound>monster/cubes_hit</HitSound>
		<DeathSound>monster/cubes_death</DeathSound>
		<Size>80</Size>
		<MaxHitPoints>70</MaxHitPoints>
		<Defense>0</Defense>
		<Terrain>ShorePlains</Terrain>
		<SpawnProb>1.0</SpawnProb>
		<Spawn>
			<Mean>5</Mean>
			<StdDev>1</StdDev>
			<Min>2</Min>
			<Max>7</Max>
		</Spawn>
		<Cube/>
		<XpMult>0.6</XpMult>
		<Projectile id="0">
			<ObjectId>Purple Cube Shot</ObjectId>
			<Damage>10</Damage>
			<Speed>65</Speed>
			<LifetimeMS>2000</LifetimeMS>
		</Projectile>
	</Object>
	<Object type="0x610" id="Green Gelatinous Cube">
		<Group>Cubes</Group>
		<Enemy/>
		<Class>Character</Class>
		<AnimatedTexture>
			<File>chars8x8rMid2</File>
			<Index>51</Index>
		</AnimatedTexture>
		<HitSound>monster/cubes_hit</HitSound>
		<DeathSound>monster/cubes_death</DeathSound>
		<Size>80</Size>
		<MaxHitPoints>70</MaxHitPoints>
		<Defense>0</Defense>
		<Terrain>ShorePlains</Terrain>
		<SpawnProb>1.0</SpawnProb>
		<Spawn>
			<Mean>5</Mean>
			<StdDev>1</StdDev>
			<Min>2</Min>
			<Max>7</Max>
		</Spawn>
		<Cube/>
		<XpMult>0.6</XpMult>
	</Object>
</Objects>
