<?xml version="1.0" encoding="ISO-8859-1"?>

<Objects>
   <Object type="0x0501" id="Treasure Chest">
      <Class>Container</Class>
      <Container/>
      <CanPutNormalObjects/>
      <Texture>
         <File>lofiObj</File>
         <Index>0x02</Index>
      </Texture>
      <SlotTypes>0, 0, 0, 0, 0, 0, 0, 0</SlotTypes>
   </Object>
   <Object type="0x0502" id="Gravestone">
      <Class>Container</Class>
      <Container/>
      <ShowName/>
      <CanPutNormalObjects/>
      <Texture>
         <File>lofiObj</File>
         <Index>0x13</Index>
      </Texture>
      <SlotTypes>0, 0, 0, 0, 0, 0, 0, 0</SlotTypes>
   </Object>
   <Object type="0x0504" id="Vault Chest">
      <Class>Container</Class>
      <Container/>
      <CanPutNormalObjects/>
      <CanPutSoulboundObjects/>
      <Texture>
         <File>lofiObj2</File>
         <Index>0x0e</Index>
      </Texture>
      <SlotTypes>0, 0, 0, 0, 0, 0, 0, 0</SlotTypes>
   </Object>
   <Object type="0x0505" id="Closed Vault Chest">
      <Class>ClosedVaultChest</Class>
      <Texture>
         <File>lofiObj2</File>
         <Index>0x0f</Index>
      </Texture>
   </Object>
   <Object type="0x0744" id="Gift Chest">
      <Class>OneWayContainer</Class>
      <Container/>
      <Texture>
         <File>lofiObj2</File>
         <Index>0x7f</Index>
      </Texture>
      <Size>120</Size>
      <SlotTypes>0, 0, 0, 0, 0, 0, 0, 0</SlotTypes>
   </Object>
   <Object type="0x0743" id="Gift Chest Closed">
      <Class>ClosedGiftChest</Class>
      <Texture>
         <File>lofiObj2</File>
         <Index>0x7e</Index>
      </Texture>
      <Size>120</Size>
   </Object>
   <Object type="0x0503" id="Soulbound Loot Bag">
      <Class>Container</Class>
      <Container/>
      <CanPutSoulboundObjects/>
      <Loot/>
      <Texture>
         <File>lofiObj2</File>
         <Index>0x76</Index>
      </Texture>
      <Size>80</Size>
      <SlotTypes>0, 0, 0, 0, 0, 0, 0, 0</SlotTypes>
   </Object>
   <Object type="0x0500" id="Loot Bag">
      <Class>Container</Class>
      <Container/>
      <CanPutNormalObjects/>
      <Loot/>
      <Texture>
         <File>lofiObj</File>
         <Index>0x08</Index>
      </Texture>
      <Size>80</Size>
      <SlotTypes>0, 0, 0, 0, 0, 0, 0, 0</SlotTypes>
   </Object>
   <Object type="0x0506" id="Loot Bag 2">
      <DisplayId>Loot Bag</DisplayId>
      <Class>Container</Class>
      <Container/>
      <CanPutNormalObjects/>
      <Loot/>
      <Texture>
         <File>lofiObj4</File>
         <Index>0x9D</Index>
      </Texture>
      <Size>80</Size>
      <SlotTypes>0, 0, 0, 0, 0, 0, 0, 0</SlotTypes>
   </Object>
   <Object type="0x0507" id="Loot Bag 3">
      <DisplayId>Loot Bag</DisplayId>
      <Class>Container</Class>
      <Container/>
      <CanPutNormalObjects/>
      <CanPutSoulboundObjects/>
      <Loot/>
      <Texture>
         <File>lofiObj4</File>
         <Index>0x91</Index>
      </Texture>
      <Size>80</Size>
      <SlotTypes>0, 0, 0, 0, 0, 0, 0, 0</SlotTypes>
   </Object>
   <Object type="0x0508" id="Loot Bag 4">
      <DisplayId>Loot Bag</DisplayId>
      <Class>Container</Class>
      <Container/>
      <CanPutNormalObjects/>
      <CanPutSoulboundObjects/>
      <Loot/>
      <Texture>
         <File>lofiObj4</File>
         <Index>0x9C</Index>
      </Texture>
      <Size>80</Size>
      <SlotTypes>0, 0, 0, 0, 0, 0, 0, 0</SlotTypes>
   </Object>
   <Object type="0x0509" id="Loot Bag 5">
      <DisplayId>Loot Bag</DisplayId>
      <Class>Container</Class>
      <Container/>
      <CanPutNormalObjects/>
      <CanPutSoulboundObjects/>
      <Loot/>
      <Texture>
         <File>lofiObj4</File>
         <Index>0x92</Index>
      </Texture>
      <Size>80</Size>
      <SlotTypes>0, 0, 0, 0, 0, 0, 0, 0</SlotTypes>
   </Object>
   <Object type="0x050B" id="Loot Bag 6">
      <DisplayId>Loot Bag</DisplayId>
      <Class>Container</Class>
      <Container/>
      <CanPutNormalObjects/>
      <CanPutSoulboundObjects/>
      <Loot/>
      <Texture>
         <File>lofiObj4</File>
         <Index>0x93</Index>
      </Texture>
      <Size>80</Size>
      <SlotTypes>0, 0, 0, 0, 0, 0, 0, 0</SlotTypes>
   </Object>
   <Object type="0x050C" id="Loot Bag 7">
      <DisplayId>Loot Bag</DisplayId>
      <Class>Container</Class>
      <Container/>
      <CanPutNormalObjects/>
      <CanPutSoulboundObjects/>
      <Loot/>
      <Texture>
         <File>lofiObj4</File>
         <Index>0x94</Index>
      </Texture>
      <Size>80</Size>
      <SlotTypes>0, 0, 0, 0, 0, 0, 0, 0</SlotTypes>
   </Object>
   <Object type="0x050E" id="Loot Bag 8">
      <DisplayId>Loot Bag</DisplayId>
      <Class>Container</Class>
      <Container/>
      <CanPutNormalObjects/>
      <CanPutSoulboundObjects/>
      <Loot/>
      <Texture>
         <File>lofiObj4</File>
         <Index>0x94</Index>
      </Texture>
      <Size>80</Size>
      <SlotTypes>0, 0, 0, 0, 0, 0, 0, 0</SlotTypes>
   </Object>
   <Object type="0x050F" id="Loot Bag 9">
      <DisplayId>Loot Bag</DisplayId>
      <Class>Container</Class>
      <Container/>
      <CanPutNormalObjects/>
      <CanPutSoulboundObjects/>
      <Loot/>
      <Texture>
         <File>lofiObj4</File>
         <Index>0x94</Index>
      </Texture>
      <Size>80</Size>
      <SlotTypes>0, 0, 0, 0, 0, 0, 0, 0</SlotTypes>
   </Object>
   <Object type="0x6ca" id="Loot Bag 10">
      <DisplayId>Loot Bag</DisplayId>
      <Class>Container</Class>
      <Container/>
      <CanPutNormalObjects/>
      <CanPutSoulboundObjects/>
      <Loot/>
      <Texture>
         <File>lofiObj4</File>
         <Index>0xd6</Index>
      </Texture>
      <Size>80</Size>
      <SlotTypes>0, 0, 0, 0, 0, 0, 0, 0</SlotTypes>
   </Object>
   <Object type="0x6cb" id="Loot Bag 11">
      <DisplayId>Loot Bag</DisplayId>
      <Class>Container</Class>
      <Container/>
      <CanPutNormalObjects/>
      <CanPutSoulboundObjects/>
      <Loot/>
      <Texture>
         <File>lofiObj4</File>
         <Index>0xd7</Index>
      </Texture>
      <Size>80</Size>
      <SlotTypes>0, 0, 0, 0, 0, 0, 0, 0</SlotTypes>
   </Object>
   <Object type="0x0510" id="Loot Bag Boost">
      <DisplayId>Loot Bag</DisplayId>
      <Class>Container</Class>
      <Container/>
      <CanPutNormalObjects/>
      <CanPutSoulboundObjects/>
      <Loot/>
      <Texture>
         <File>lofiObj4</File>
         <Index>0x95</Index>
      </Texture>
      <Size>80</Size>
      <SlotTypes>0, 0, 0, 0, 0, 0, 0, 0</SlotTypes>
   </Object>
   <Object type="0x6ad" id="Loot Bag 0 Boost">
      <Class>Container</Class>
      <Container/>
      <CanPutNormalObjects/>
      <Loot/>
      <Texture>
         <File>lofiObj4</File>
         <Index>0xe0</Index>
      </Texture>
      <Size>80</Size>
      <SlotTypes>0, 0, 0, 0, 0, 0, 0, 0</SlotTypes>
   </Object>
   <Object type="0x6ae" id="Loot Bag 1 Boost">
      <DisplayId>Loot Bag</DisplayId>
      <Class>Container</Class>
      <Container/>
      <CanPutNormalObjects/>
      <Loot/>
      <Texture>
         <File>lofiObj4</File>
         <Index>0xe1</Index>
      </Texture>
      <Size>80</Size>
      <SlotTypes>0, 0, 0, 0, 0, 0, 0, 0</SlotTypes>
   </Object>
   <Object type="0x6ba" id="Loot Bag 2 Boost">
      <DisplayId>Loot Bag</DisplayId>
      <Class>Container</Class>
      <Container/>
      <CanPutNormalObjects/>
      <CanPutSoulboundObjects/>
      <Loot/>
      <Texture>
         <File>lofiObj4</File>
         <Index>0xe2</Index>
      </Texture>
      <Size>80</Size>
      <SlotTypes>0, 0, 0, 0, 0, 0, 0, 0</SlotTypes>
   </Object>
   <Object type="0x6bb" id="Loot Bag 3 Boost">
      <DisplayId>Loot Bag</DisplayId>
      <Class>Container</Class>
      <Container/>
      <CanPutNormalObjects/>
      <CanPutSoulboundObjects/>
      <Loot/>
      <Texture>
         <File>lofiObj4</File>
         <Index>0xe3</Index>
      </Texture>
      <Size>80</Size>
      <SlotTypes>0, 0, 0, 0, 0, 0, 0, 0</SlotTypes>
   </Object>
   <Object type="0x6bd" id="Loot Bag 4 Boost">
      <DisplayId>Loot Bag</DisplayId>
      <Class>Container</Class>
      <Container/>
      <CanPutNormalObjects/>
      <CanPutSoulboundObjects/>
      <Loot/>
      <Texture>
         <File>lofiObj4</File>
         <Index>0xe4</Index>
      </Texture>
      <Size>80</Size>
      <SlotTypes>0, 0, 0, 0, 0, 0, 0, 0</SlotTypes>
   </Object>
   <Object type="0x6be" id="Loot Bag 5 Boost">
      <DisplayId>Loot Bag</DisplayId>
      <Class>Container</Class>
      <Container/>
      <CanPutNormalObjects/>
      <CanPutSoulboundObjects/>
      <Loot/>
      <Texture>
         <File>lofiObj4</File>
         <Index>0xe3</Index>
      </Texture>
      <Size>80</Size>
      <SlotTypes>0, 0, 0, 0, 0, 0, 0, 0</SlotTypes>
   </Object>
   <Object type="0x6bf" id="Loot Bag 6 Boost">
      <DisplayId>Loot Bag</DisplayId>
      <Class>Container</Class>
      <Container/>
      <CanPutNormalObjects/>
      <CanPutSoulboundObjects/>
      <Loot/>
      <Texture>
         <File>lofiObj4</File>
         <Index>0xe5</Index>
      </Texture>
      <Size>80</Size>
      <SlotTypes>0, 0, 0, 0, 0, 0, 0, 0</SlotTypes>
   </Object>
   <Object type="0x6cc" id="Loot Bag 10 Boost">
      <DisplayId>Loot Bag</DisplayId>
      <Class>Container</Class>
      <Container/>
      <CanPutNormalObjects/>
      <CanPutSoulboundObjects/>
      <Loot/>
      <Texture>
         <File>lofiObj4</File>
         <Index>0xe6</Index>
      </Texture>
      <Size>80</Size>
      <SlotTypes>0, 0, 0, 0, 0, 0, 0, 0</SlotTypes>
   </Object>
   <Object type="0x6cd" id="Loot Bag 11 Boost">
      <DisplayId>Loot Bag</DisplayId>
      <Class>Container</Class>
      <Container/>
      <CanPutNormalObjects/>
      <CanPutSoulboundObjects/>
      <Loot/>
      <Texture>
         <File>lofiObj4</File>
         <Index>0xe7</Index>
      </Texture>
      <Size>80</Size>
      <SlotTypes>0, 0, 0, 0, 0, 0, 0, 0</SlotTypes>
   </Object>
   <Object type="0x6ce" id="Loot Bag 12">
      <DisplayId>Loot Bag</DisplayId>
      <Class>Container</Class>
      <Container/>
      <CanPutNormalObjects/>
      <CanPutSoulboundObjects/>
      <Loot/>
      <Texture>
         <File>CustomObj</File>
         <Index>0x12f</Index>
      </Texture>
      <Size>80</Size>
      <SlotTypes>0, 0, 0, 0, 0, 0, 0, 0</SlotTypes>
   </Object>
   <Object type="0x6018" id="Magic Potion Bag">
      <Class>Container</Class>
      <Container/>
      <CanPutNormalObjects/>
      <Loot/>
      <Texture>
         <File>bags16</File>
         <Index>0x07</Index>
      </Texture>
      <Size>60</Size>
      <SlotTypes>0, 0, 0, 0, 0, 0, 0, 0</SlotTypes>
      <NoStartAnimation/>
      <Animation prob="1.0" period="0.0" id="1">
         <Frame time="0.14">
            <Texture>
               <File>bags16</File>
               <Index>0x00</Index>
            </Texture>
         </Frame>
         <Frame time="0.14">
            <Texture>
               <File>bags16</File>
               <Index>0x01</Index>
            </Texture>
         </Frame>
         <Frame time="0.14">
            <Texture>
               <File>bags16</File>
               <Index>0x02</Index>
            </Texture>
         </Frame>
         <Frame time="0.14">
            <Texture>
               <File>bags16</File>
               <Index>0x03</Index>
            </Texture>
         </Frame>
         <Frame time="0.14">
            <Texture>
               <File>bags16</File>
               <Index>0x04</Index>
            </Texture>
         </Frame>
         <Frame time="0.14">
            <Texture>
               <File>bags16</File>
               <Index>0x05</Index>
            </Texture>
         </Frame>
         <Frame time="0.14">
            <Texture>
               <File>bags16</File>
               <Index>0x06</Index>
            </Texture>
         </Frame>
         <Frame time="0.28">
            <Texture>
               <File>bags16</File>
               <Index>0x07</Index>
            </Texture>
         </Frame>
      </Animation>
   </Object>
   <Object type="0x6019" id="Health Potion Bag">
      <Class>Container</Class>
      <Container/>
      <CanPutNormalObjects/>
      <Loot/>
      <Texture>
         <File>bags16</File>
         <Index>0x17</Index>
      </Texture>
      <Size>60</Size>
      <SlotTypes>0, 0, 0, 0, 0, 0, 0, 0</SlotTypes>
      <NoStartAnimation/>
      <Animation prob="1.0" period="0.0" id="1">
         <Frame time="0.14">
            <Texture>
               <File>bags16</File>
               <Index>0x10</Index>
            </Texture>
         </Frame>
         <Frame time="0.14">
            <Texture>
               <File>bags16</File>
               <Index>0x11</Index>
            </Texture>
         </Frame>
         <Frame time="0.14">
            <Texture>
               <File>bags16</File>
               <Index>0x12</Index>
            </Texture>
         </Frame>
         <Frame time="0.14">
            <Texture>
               <File>bags16</File>
               <Index>0x13</Index>
            </Texture>
         </Frame>
         <Frame time="0.14">
            <Texture>
               <File>bags16</File>
               <Index>0x14</Index>
            </Texture>
         </Frame>
         <Frame time="0.14">
            <Texture>
               <File>bags16</File>
               <Index>0x15</Index>
            </Texture>
         </Frame>
         <Frame time="0.14">
            <Texture>
               <File>bags16</File>
               <Index>0x16</Index>
            </Texture>
         </Frame>
         <Frame time="0.28">
            <Texture>
               <File>bags16</File>
               <Index>0x17</Index>
            </Texture>
         </Frame>
      </Animation>
   </Object>
   <Object type="0x601a" id="Soulbound Bag">
      <Class>Container</Class>
      <Container/>
      <CanPutNormalObjects/>
      <CanPutSoulboundObjects/>
      <Loot/>
      <Texture>
         <File>bags16</File>
         <Index>0x25</Index>
      </Texture>
      <Size>60</Size>
      <SlotTypes>0, 0, 0, 0, 0, 0, 0, 0</SlotTypes>
      <NoStartAnimation/>
      <Animation prob="1.0" period="0.0" id="1">
         <Frame time="0.14">
            <Texture>
               <File>bags16</File>
               <Index>0x20</Index>
            </Texture>
         </Frame>
         <Frame time="0.14">
            <Texture>
               <File>bags16</File>
               <Index>0x21</Index>
            </Texture>
         </Frame>
         <Frame time="0.14">
            <Texture>
               <File>bags16</File>
               <Index>0x22</Index>
            </Texture>
         </Frame>
         <Frame time="0.14">
            <Texture>
               <File>bags16</File>
               <Index>0x23</Index>
            </Texture>
         </Frame>
         <Frame time="0.14">
            <Texture>
               <File>bags16</File>
               <Index>0x24</Index>
            </Texture>
         </Frame>
         <Frame time="0.14">
            <Texture>
               <File>bags16</File>
               <Index>0x25</Index>
            </Texture>
         </Frame>
      </Animation>
   </Object>
   <Object type="0x601b" id="Potion Bag">
      <Class>Container</Class>
      <Container/>
      <CanPutNormalObjects/>
      <CanPutSoulboundObjects/>
      <Loot/>
      <Texture>
         <File>bags16</File>
         <Index>0x33</Index>
      </Texture>
      <Size>60</Size>
      <SlotTypes>0, 0, 0, 0, 0, 0, 0, 0</SlotTypes>
      <NoStartAnimation/>
      <Animation prob="1.0" period="0.0" id="1">
         <Frame time="0.14">
            <Texture>
               <File>bags16</File>
               <Index>0x30</Index>
            </Texture>
         </Frame>
         <Frame time="0.14">
            <Texture>
               <File>bags16</File>
               <Index>0x31</Index>
            </Texture>
         </Frame>
         <Frame time="0.14">
            <Texture>
               <File>bags16</File>
               <Index>0x32</Index>
            </Texture>
         </Frame>
         <Frame time="0.28">
            <Texture>
               <File>bags16</File>
               <Index>0x33</Index>
            </Texture>
         </Frame>
      </Animation>
   </Object>
   <Object type="0x601c" id="Cyan Bag">
      <Class>Container</Class>
      <Container/>
      <CanPutNormalObjects/>
      <CanPutSoulboundObjects/>
      <Loot/>
      <Texture>
         <File>bags16</File>
         <Index>0x34</Index>
      </Texture>
      <Size>60</Size>
      <SlotTypes>0, 0, 0, 0, 0, 0, 0, 0</SlotTypes>
      <NoStartAnimation/>
      <Animation prob="1.0" period="0.0" id="1">
         <Frame time="0.14">
            <Texture>
               <File>bags32</File>
               <Index>0x10</Index>
            </Texture>
         </Frame>
         <Frame time="0.14">
            <Texture>
               <File>bags32</File>
               <Index>0x11</Index>
            </Texture>
         </Frame>
         <Frame time="0.14">
            <Texture>
               <File>bags32</File>
               <Index>0x12</Index>
            </Texture>
         </Frame>
         <Frame time="0.14">
            <Texture>
               <File>bags32</File>
               <Index>0x13</Index>
            </Texture>
         </Frame>
         <Frame time="0.14">
            <Texture>
               <File>bags32</File>
               <Index>0x14</Index>
            </Texture>
         </Frame>
         <Frame time="0.14">
            <Texture>
               <File>bags32</File>
               <Index>0x15</Index>
            </Texture>
         </Frame>
         <Frame time="0.14">
            <Texture>
               <File>bags32</File>
               <Index>0x16</Index>
            </Texture>
         </Frame>
         <Frame time="0.14">
            <Texture>
               <File>bags32</File>
               <Index>0x17</Index>
            </Texture>
         </Frame>
         <Frame time="0.28">
            <Texture>
               <File>bags16</File>
               <Index>0x34</Index>
            </Texture>
         </Frame>
      </Animation>
   </Object>
   <Object type="0x601d" id="Rare Bag">
      <Class>Container</Class>
      <Container/>
      <CanPutNormalObjects/>
      <CanPutSoulboundObjects/>
      <Loot/>
      <Texture>
         <File>bags16</File>
         <Index>0xA7</Index>
      </Texture>
      <Size>80</Size>
      <SlotTypes>0, 0, 0, 0, 0, 0, 0, 0</SlotTypes>
      <NoStartAnimation/>
      <Animation prob="1.0" period="0.0" id="1">
         <Frame time="0.14">
            <Texture>
               <File>bags32</File>
               <Index>0x18</Index>
            </Texture>
         </Frame>
         <Frame time="0.14">
            <Texture>
               <File>bags32</File>
               <Index>0x19</Index>
            </Texture>
         </Frame>
         <Frame time="0.14">
            <Texture>
               <File>bags32</File>
               <Index>0x1A</Index>
            </Texture>
         </Frame>
         <Frame time="0.14">
            <Texture>
               <File>bags32</File>
               <Index>0x1B</Index>
            </Texture>
         </Frame>
         <Frame time="0.14">
            <Texture>
               <File>bags32</File>
               <Index>0x1C</Index>
            </Texture>
         </Frame>
         <Frame time="0.14">
            <Texture>
               <File>bags32</File>
               <Index>0x1D</Index>
            </Texture>
         </Frame>
         <Frame time="0.14">
            <Texture>
               <File>bags32</File>
               <Index>0x1E</Index>
            </Texture>
         </Frame>
         <Frame time="0.14">
            <Texture>
               <File>bags32</File>
               <Index>0x1F</Index>
            </Texture>
         </Frame>
         <Frame time="0.14">
            <Texture>
               <File>bags32</File>
               <Index>0x20</Index>
            </Texture>
         </Frame>
         <Frame time="0.14">
            <Texture>
               <File>bags32</File>
               <Index>0x21</Index>
            </Texture>
         </Frame>
         <Frame time="0.14">
            <Texture>
               <File>bags32</File>
               <Index>0x22</Index>
            </Texture>
         </Frame>
         <Frame time="0.14">
            <Texture>
               <File>bags32</File>
               <Index>0x23</Index>
            </Texture>
         </Frame>
         <Frame time="0.38">
            <Texture>
               <File>bags32</File>
               <Index>0x24</Index>
            </Texture>
         </Frame>
      </Animation>
      <Animation prob="1.0" period="0.0" id="2">
         <Frame time="0.14">
            <Texture>
               <File>bags16</File>
               <Index>0xA0</Index>
            </Texture>
         </Frame>
         <Frame time="0.14">
            <Texture>
               <File>bags16</File>
               <Index>0xA1</Index>
            </Texture>
         </Frame>
         <Frame time="0.14">
            <Texture>
               <File>bags16</File>
               <Index>0xA2</Index>
            </Texture>
         </Frame>
         <Frame time="0.14">
            <Texture>
               <File>bags16</File>
               <Index>0xA3</Index>
            </Texture>
         </Frame>
         <Frame time="0.14">
            <Texture>
               <File>bags16</File>
               <Index>0xA4</Index>
            </Texture>
         </Frame>
         <Frame time="0.14">
            <Texture>
               <File>bags16</File>
               <Index>0xA5</Index>
            </Texture>
         </Frame>
         <Frame time="0.14">
            <Texture>
               <File>bags16</File>
               <Index>0xA6</Index>
            </Texture>
         </Frame>
         <Frame time="0.14">
            <Texture>
               <File>bags16</File>
               <Index>0xA7</Index>
            </Texture>
         </Frame>
      </Animation>
   </Object>
   <Object type="0x601e" id="Legendary Bag">
      <Class>Container</Class>
      <Container/>
      <CanPutNormalObjects/>
      <CanPutSoulboundObjects/>
      <Loot/>
      <Texture>
         <File>bags216</File>
         <Index>0x4A</Index>
      </Texture>
      <Size>80</Size>
      <SlotTypes>0, 0, 0, 0, 0, 0, 0, 0</SlotTypes>
      <NoStartAnimation/>
      <Animation prob="1.0" period="0.0" id="1">
         <Frame time="0.14">
            <Texture>
               <File>bags232</File>
               <Index>0x00</Index>
            </Texture>
         </Frame>
         <Frame time="0.14">
            <Texture>
               <File>bags232</File>
               <Index>0x01</Index>
            </Texture>
         </Frame>
         <Frame time="0.14">
            <Texture>
               <File>bags232</File>
               <Index>0x02</Index>
            </Texture>
         </Frame>
         <Frame time="0.14">
            <Texture>
               <File>bags232</File>
               <Index>0x03</Index>
            </Texture>
         </Frame>
         <Frame time="0.14">
            <Texture>
               <File>bags232</File>
               <Index>0x04</Index>
            </Texture>
         </Frame>
         <Frame time="0.14">
            <Texture>
               <File>bags232</File>
               <Index>0x05</Index>
            </Texture>
         </Frame>
         <Frame time="0.14">
            <Texture>
               <File>bags232</File>
               <Index>0x06</Index>
            </Texture>
         </Frame>
         <Frame time="0.14">
            <Texture>
               <File>bags232</File>
               <Index>0x07</Index>
            </Texture>
         </Frame>
         <Frame time="0.14">
            <Texture>
               <File>bags232</File>
               <Index>0x08</Index>
            </Texture>
         </Frame>
         <Frame time="0.14">
            <Texture>
               <File>bags232</File>
               <Index>0x09</Index>
            </Texture>
         </Frame>
         <Frame time="0.14">
            <Texture>
               <File>bags232</File>
               <Index>0x0A</Index>
            </Texture>
         </Frame>
         <Frame time="0.38">
            <Texture>
               <File>bags232</File>
               <Index>0x0B</Index>
            </Texture>
         </Frame>
      </Animation>
      <Animation prob="1.0" period="0.0" id="2">
         <Frame time="0.14">
            <Texture>
               <File>bags216</File>
               <Index>0x40</Index>
            </Texture>
         </Frame>
         <Frame time="0.14">
            <Texture>
               <File>bags216</File>
               <Index>0x41</Index>
            </Texture>
         </Frame>
         <Frame time="0.14">
            <Texture>
               <File>bags216</File>
               <Index>0x42</Index>
            </Texture>
         </Frame>
         <Frame time="0.14">
            <Texture>
               <File>bags216</File>
               <Index>0x43</Index>
            </Texture>
         </Frame>
         <Frame time="0.14">
            <Texture>
               <File>bags216</File>
               <Index>0x44</Index>
            </Texture>
         </Frame>
         <Frame time="0.14">
            <Texture>
               <File>bags216</File>
               <Index>0x45</Index>
            </Texture>
         </Frame>
         <Frame time="0.14">
            <Texture>
               <File>bags216</File>
               <Index>0x46</Index>
            </Texture>
         </Frame>
         <Frame time="0.14">
            <Texture>
               <File>bags216</File>
               <Index>0x47</Index>
            </Texture>
         </Frame>
         <Frame time="0.14">
            <Texture>
               <File>bags216</File>
               <Index>0x48</Index>
            </Texture>
         </Frame>
         <Frame time="0.14">
            <Texture>
               <File>bags216</File>
               <Index>0x49</Index>
            </Texture>
         </Frame>
         <Frame time="0.14">
            <Texture>
               <File>bags216</File>
               <Index>0x4A</Index>
            </Texture>
         </Frame>
         <Frame time="0.28">
            <Texture>
               <File>bags216</File>
               <Index>0x4B</Index>
            </Texture>
         </Frame>
      </Animation>
   </Object>
   <Object type="0x601f" id="Ancient Bag">
      <Class>Container</Class>
      <Container/>
      <CanPutNormalObjects/>
      <CanPutSoulboundObjects/>
      <Loot/>
      <Texture>
         <File>bags216</File>
         <Index>0x4C</Index>
      </Texture>
      <Size>80</Size>
      <SlotTypes>0, 0, 0, 0, 0, 0, 0, 0</SlotTypes>
      <NoStartAnimation/>
      <Animation prob="1.0" period="0.0" id="1">
         <Frame time="0.14">
            <Texture>
               <File>bags232</File>
               <Index>0x18</Index>
            </Texture>
         </Frame>
         <Frame time="0.14">
            <Texture>
               <File>bags232</File>
               <Index>0x19</Index>
            </Texture>
         </Frame>
         <Frame time="0.14">
            <Texture>
               <File>bags232</File>
               <Index>0x1A</Index>
            </Texture>
         </Frame>
         <Frame time="0.14">
            <Texture>
               <File>bags232</File>
               <Index>0x1B</Index>
            </Texture>
         </Frame>
         <Frame time="0.14">
            <Texture>
               <File>bags232</File>
               <Index>0x1C</Index>
            </Texture>
         </Frame>
         <Frame time="0.14">
            <Texture>
               <File>bags232</File>
               <Index>0x1D</Index>
            </Texture>
         </Frame>
         <Frame time="0.14">
            <Texture>
               <File>bags232</File>
               <Index>0x1E</Index>
            </Texture>
         </Frame>
         <Frame time="0.14">
            <Texture>
               <File>bags232</File>
               <Index>0x1F</Index>
            </Texture>
         </Frame>
         <Frame time="0.14">
            <Texture>
               <File>bags232</File>
               <Index>0x20</Index>
            </Texture>
         </Frame>
         <Frame time="0.14">
            <Texture>
               <File>bags232</File>
               <Index>0x21</Index>
            </Texture>
         </Frame>
         <Frame time="0.14">
            <Texture>
               <File>bags232</File>
               <Index>0x22</Index>
            </Texture>
         </Frame>
         <Frame time="0.14">
            <Texture>
               <File>bags232</File>
               <Index>0x23</Index>
            </Texture>
         </Frame>
         <Frame time="0.14">
            <Texture>
               <File>bags232</File>
               <Index>0x24</Index>
            </Texture>
         </Frame>
         <Frame time="0.14">
            <Texture>
               <File>bags232</File>
               <Index>0x25</Index>
            </Texture>
         </Frame>
         <Frame time="0.14">
            <Texture>
               <File>bags232</File>
               <Index>0x26</Index>
            </Texture>
         </Frame>
         <Frame time="0.14">
            <Texture>
               <File>bags232</File>
               <Index>0x27</Index>
            </Texture>
         </Frame>
         <Frame time="0.28">
            <Texture>
               <File>bags232</File>
               <Index>0x28</Index>
            </Texture>
         </Frame>
      </Animation>
      <Animation prob="1.0" period="0.0" id="2">
         <Frame time="0.14">
            <Texture>
               <File>bags232</File>
               <Index>0x30</Index>
            </Texture>
         </Frame>
         <Frame time="0.14">
            <Texture>
               <File>bags232</File>
               <Index>0x31</Index>
            </Texture>
         </Frame>
         <Frame time="0.14">
            <Texture>
               <File>bags232</File>
               <Index>0x32</Index>
            </Texture>
         </Frame>
         <Frame time="0.14">
            <Texture>
               <File>bags232</File>
               <Index>0x33</Index>
            </Texture>
         </Frame>
         <Frame time="0.14">
            <Texture>
               <File>bags232</File>
               <Index>0x34</Index>
            </Texture>
         </Frame>
         <Frame time="0.14">
            <Texture>
               <File>bags232</File>
               <Index>0x35</Index>
            </Texture>
         </Frame>
         <Frame time="0.14">
            <Texture>
               <File>bags232</File>
               <Index>0x36</Index>
            </Texture>
         </Frame>
         <Frame time="0.14">
            <Texture>
               <File>bags232</File>
               <Index>0x37</Index>
            </Texture>
         </Frame>
         <Frame time="0.14">
            <Texture>
               <File>bags232</File>
               <Index>0x38</Index>
            </Texture>
         </Frame>
         <Frame time="0.14">
            <Texture>
               <File>bags232</File>
               <Index>0x39</Index>
            </Texture>
         </Frame>
      </Animation>
   </Object>
</Objects>
