<?xml version="1.0" encoding="ISO-8859-1"?>

<Objects>
   <Object type="0x0715" id="Decoy">
      <Class>Character</Class>
      <AnimatedTexture>
         <File>players</File>
         <Index>11</Index>
      </AnimatedTexture>
      <Friendly/>
      <CanUseTexes/>
      <NoMiniMap/>
   </Object>
   <Object type="0x1400" id="Purple Drake">
      <Class>Character</Class>
      <Texture>
         <File>lofiChar216x8</File>
         <Index>0x30</Index>
      </Texture>
      <Flying/>
      <Z>0.2</Z>
      <NoMiniMap/>
   </Object>
   <Object type="0x1401" id="White Drake">
      <Class>Character</Class>
      <Texture>
         <File>lofiChar216x8</File>
         <Index>0x31</Index>
      </Texture>
      <Flying/>
      <Z>0.2</Z>
      <NoMiniMap/>
   </Object>
   <Object type="0x1402" id="Blue Drake">
      <Class>Character</Class>
      <Texture>
         <File>lofiChar216x8</File>
         <Index>0x32</Index>
      </Texture>
      <Flying/>
      <Z>0.2</Z>
      <NoMiniMap/>
   </Object>
   <Object type="0x1403" id="Orange Drake">
      <Class>Character</Class>
      <Texture>
         <File>lofiChar216x8</File>
         <Index>0x33</Index>
      </Texture>
      <Flying/>
      <Z>0.2</Z>
      <NoMiniMap/>
   </Object>
   <Object type="0x1404" id="Green Drake">
      <Class>Character</Class>
      <Texture>
         <File>lofiChar216x8</File>
         <Index>0x34</Index>
      </Texture>
      <Flying/>
      <Z>0.2</Z>
      <NoMiniMap/>
   </Object>
   <Object type="0x1405" id="Yellow Drake">
      <Class>Character</Class>
      <Texture>
         <File>lofiChar216x8</File>
         <Index>0x35</Index>
      </Texture>
      <Flying/>
      <Z>0.2</Z>
      <NoMiniMap/>
   </Object>
   <Object type="0x1406" id="Red Drake">
      <Class>Character</Class>
      <AnimatedTexture>
         <File>chars16x8rEncounters</File>
         <Index>0</Index>
      </AnimatedTexture>
      <Flying/>
      <Z>0.2</Z>
      <NoMiniMap/>
   </Object>
   <Object type="0x1407" id="Lil Firecracker">
      <Class>Character</Class>
      <Texture>
         <File>invisible</File>
         <Index>0</Index>
      </Texture>
      <NoMiniMap/>
      <Sound id="0">weapon/firework</Sound>
      <ShadowSize>0</ShadowSize>
      <Size>0</Size>
   </Object>
   <Object type="0x1408" id="Big Firecracker">
      <Class>Character</Class>
      <Texture>
         <File>invisible</File>
         <Index>0</Index>
      </Texture>
      <NoMiniMap/>
      <Sound id="0">weapon/firework</Sound>
      <ShadowSize>0</ShadowSize>
      <Size>0</Size>
   </Object>
   <Object type="0x1409" id="Spirit Prism Bomb">
      <Class>Character</Class>
      <Texture>
         <File>lofiObj3</File>
         <Index>0xce</Index>
      </Texture>
      <Animation prob="1" period="0.4">
         <Frame time="0.2">
            <Texture>
               <File>lofiObj3</File>
               <Index>0xcf</Index>
            </Texture>
         </Frame>
         <Frame time="0.2">
            <Texture>
               <File>lofiObj3</File>
               <Index>0xd6</Index>
            </Texture>
         </Frame>
      </Animation>
      <NoMiniMap/>
      <Sound id="0">weapon/fire_wand</Sound>
      <ShadowSize>70</ShadowSize>
      <Size>100</Size>
   </Object>
   <Object type="0x140a" id="Sand Castle">
      <Class>Character</Class>
      <RandomTexture>
         <Texture>
            <File>lofiObj3</File>
            <Index>0x194</Index>
         </Texture>
         <Texture>
            <File>lofiObj3</File>
            <Index>0x195</Index>
         </Texture>
         <Texture>
            <File>lofiObj3</File>
            <Index>0x196</Index>
         </Texture>
         <Texture>
            <File>lofiObj3</File>
            <Index>0x197</Index>
         </Texture>
         <Texture>
            <File>lofiObj3</File>
            <Index>0x198</Index>
         </Texture>
         <Texture>
            <File>lofiObjBig</File>
            <Index>0x47</Index>
         </Texture>
         <Texture>
            <File>lofiObjBig</File>
            <Index>0x48</Index>
         </Texture>
         <Texture>
            <File>lofiObjBig</File>
            <Index>0x49</Index>
         </Texture>
         <Texture>
            <File>lofiObjBig</File>
            <Index>0x4a</Index>
         </Texture>
      </RandomTexture>
      <NoMiniMap/>
      <ShadowSize>0</ShadowSize>
      <MinSize>80</MinSize>
      <MaxSize>120</MaxSize>
   </Object>
   <Object type="0x140b" id="Rock Candy Grenade">
      <Class>Character</Class>
      <Texture>
         <File>invisible</File>
         <Index>0</Index>
      </Texture>
      <NoMiniMap/>
      <Sound id="0">weapon/firework</Sound>
      <ShadowSize>0</ShadowSize>
      <Size>0</Size>
   </Object>
   <Object type="0x140d" id="Trick in a Box">
      <Class>Character</Class>
      <Texture>
         <File>d3LofiObjEmbed</File>
         <Index>0x21</Index>
      </Texture>
      <NoMiniMap/>
      <Sound id="0">weapon/firework</Sound>
      <ShadowSize>65</ShadowSize>
      <MinSize>100</MinSize>
      <MaxSize>120</MaxSize>
   </Object>
   <Object type="0x140e" id="Trick in a Box Normal">
      <DisplayId>Trick in a Box</DisplayId>
      <Class>Character</Class>
      <Texture>
         <File>d3LofiObjEmbed</File>
         <Index>0x22</Index>
      </Texture>
      <Animation prob="1" period="0">
         <Frame time="0.1">
            <Texture>
               <File>d3LofiObjEmbed</File>
               <Index>0x22</Index>
            </Texture>
         </Frame>
         <Frame time="0.1">
            <Texture>
               <File>d3LofiObjEmbed</File>
               <Index>0x23</Index>
            </Texture>
         </Frame>
         <Frame time="0.2">
            <Texture>
               <File>d3LofiObjEmbed</File>
               <Index>0x24</Index>
            </Texture>
         </Frame>
         <Frame time="0.1">
            <Texture>
               <File>d3LofiObjEmbed</File>
               <Index>0x25</Index>
            </Texture>
         </Frame>
         <Frame time="0.1">
            <Texture>
               <File>d3LofiObjEmbed</File>
               <Index>0x26</Index>
            </Texture>
         </Frame>
      </Animation>
      <Friendly/>
      <NoMiniMap/>
      <ShadowSize>65</ShadowSize>
      <MinSize>100</MinSize>
      <MaxSize>120</MaxSize>
   </Object>
   <Object type="0x140f" id="Trick in a Box Oryx">
      <DisplayId>Oryx in a Box</DisplayId>
      <Class>Character</Class>
      <Texture>
         <File>d3LofiObjEmbed</File>
         <Index>0x27</Index>
      </Texture>
      <Animation prob="1" period="0">
         <Frame time="0.1">
            <Texture>
               <File>d3LofiObjEmbed</File>
               <Index>0x27</Index>
            </Texture>
         </Frame>
         <Frame time="0.1">
            <Texture>
               <File>d3LofiObjEmbed</File>
               <Index>0x28</Index>
            </Texture>
         </Frame>
         <Frame time="0.2">
            <Texture>
               <File>d3LofiObjEmbed</File>
               <Index>0x29</Index>
            </Texture>
         </Frame>
         <Frame time="0.1">
            <Texture>
               <File>d3LofiObjEmbed</File>
               <Index>0x2a</Index>
            </Texture>
         </Frame>
         <Frame time="0.1">
            <Texture>
               <File>d3LofiObjEmbed</File>
               <Index>0x2b</Index>
            </Texture>
         </Frame>
      </Animation>
      <Friendly/>
      <NoMiniMap/>
      <ShadowSize>65</ShadowSize>
      <MinSize>100</MinSize>
      <MaxSize>120</MaxSize>
   </Object>
   <Object type="0x1410" id="Fake White Bag">
      <Class>Character</Class>
      <NoMiniMap/>
      <Texture>
         <File>lofiObj4</File>
         <Index>0x94</Index>
      </Texture>
      <Size>80</Size>
      <Sound id="0">weapon/firework</Sound>
   </Object>
   <Object type="0x6b6" id="Dragon Chain 1">
      <Class>Character</Class>
      <Texture>
         <File>lofiChar16x8</File>
         <Index>0x7a</Index>
      </Texture>
      <Size>85</Size>
      <NoMiniMap/>
   </Object>
   <Object type="0x6b7" id="Dragon Chain 2">
      <Class>Character</Class>
      <Texture>
         <File>lofiChar16x8</File>
         <Index>0x7a</Index>
      </Texture>
      <Size>70</Size>
      <NoMiniMap/>
   </Object>
   <Object type="0x6b8" id="Dragon Chain 3">
      <Class>Character</Class>
      <Texture>
         <File>lofiChar16x8</File>
         <Index>0x7a</Index>
      </Texture>
      <Size>55</Size>
      <NoMiniMap/>
   </Object>
   <Object type="0x6b9" id="Dragon Chain 4">
      <Class>Character</Class>
      <Texture>
         <File>lofiChar16x8</File>
         <Index>0x7a</Index>
      </Texture>
      <Size>40</Size>
      <NoMiniMap/>
   </Object>
</Objects>
