<?xml version="1.0" encoding="ISO-8859-1"?>

<Objects>
<Object type="0x0e28" id="Snakepit Guard Spawner">
		<Class>Character</Class>
		<Enemy/>
		<NoMiniMap/>
		<AnimatedTexture>
			<File>chars16x16dEncounters2</File>
			<Index>39</Index>
		</AnimatedTexture>
		<XpMult>0.0</XpMult>
		<Size>0</Size>
		<MaxHitPoints>100</MaxHitPoints>
		<StasisImmune/>
	</Object>
	<Object type="0x0e27" id="Snakepit Button">
		<Class>Character</Class>
		<Enemy/>
		<NoMiniMap/>
		<DrawOnGround/>
		<StasisImmune/>
		<Texture>
			<File>lofiObj3</File>
			<Index>0x08</Index>
		</Texture>
		<AltTexture id="1">
			<Texture>
				<File>lofiObj3</File>
				<Index>0x09</Index>
			</Texture>
		</AltTexture>
		<MaxHitPoints>10</MaxHitPoints>
		<XpMult>0.0</XpMult>
		<Size>100</Size>
		<ShadowSize>0</ShadowSize>
	</Object>
	<Object type="0x0e26" id="Snakepit Guard">
		<Class>Character</Class>
		<Enemy/>
		<AnimatedTexture>
			<File>chars16x16dEncounters2</File>
			<Index>39</Index>
		</AnimatedTexture>
		<HitSound>monster/greater_pit_snakes_death</HitSound>
		<DeathSound>monster/scorpions_death</DeathSound>
		<XpMult>1.0</XpMult>
		<Size>125</Size>
		<MaxHitPoints>12000</MaxHitPoints>
		<Defense>50</Defense>
		<Projectile id="0">
			<ObjectId>Snake Spit</ObjectId>
			<Speed>45</Speed>
			<Damage>65</Damage>
			<LifetimeMS>2000</LifetimeMS>
			<Size>100</Size>
		</Projectile>
		<Projectile id="1">
			<ObjectId>Snake Spinner</ObjectId>
			<Speed>45</Speed>
			<Damage>55</Damage>
			<LifetimeMS>2000</LifetimeMS>
			<Size>100</Size>
			<ConditionEffect duration="2">Dazed</ConditionEffect>
		</Projectile>
		<Projectile id="2">
			<ObjectId>Snake Ball Spinner</ObjectId>
			<Speed>30</Speed>
			<Damage>100</Damage>
			<LifetimeMS>3000</LifetimeMS>
			<Size>150</Size>
			<ConditionEffect duration="4">Dazed</ConditionEffect>
		</Projectile>
	</Object>
	<Object type="0x0e25" id="Snakepit Dart Thrower">
		<Class>Character</Class>
		<Enemy/>
		<NoMiniMap/>
		<Texture>
			<File>lofiObj3</File>
			<Index>0x0a</Index>
		</Texture>
		<MaxHitPoints>10</MaxHitPoints>
		<XpMult>0.0</XpMult>
		<Size>0</Size>
		<ShadowSize>0</ShadowSize>
		<StasisImmune/>
		<Projectile>
			<ObjectId>Snakepit Dart</ObjectId>
			<Speed>50</Speed>
			<Damage>40</Damage>
			<LifetimeMS>3000</LifetimeMS>
			<Size>100</Size>
			<ConditionEffect duration="4">Bleeding</ConditionEffect>
		</Projectile>
	</Object>
	<Object type="0x0917" id="Stheno the Snake Queen">
		<Class>Character</Class>
		<AnimatedTexture>
			<File>chars16x16dEncounters2</File>
			<Index>105</Index>
		</AnimatedTexture>
		<AltTexture id="1">
			<AnimatedTexture>
				<File>chars16x16dEncounters2</File>
				<Index>112</Index>
			</AnimatedTexture>
		</AltTexture>
		<AltTexture id="2">
			<AnimatedTexture>
				<File>chars16x16dEncounters2</File>
				<Index>113</Index>
			</AnimatedTexture>
		</AltTexture>
		<AltTexture id="3">
			<AnimatedTexture>
				<File>chars16x16dEncounters2</File>
				<Index>114</Index>
			</AnimatedTexture>
		</AltTexture>
		<AltTexture id="4">
			<AnimatedTexture>
				<File>chars16x16dEncounters2</File>
				<Index>105</Index>
			</AnimatedTexture>
		</AltTexture>
		<HitSound>monster/snake_queen_hit</HitSound>
		<DeathSound>monster/snake_queen_death</DeathSound>
		<Size>100</Size>
		<MaxHitPoints>50000</MaxHitPoints>
		<Defense>19</Defense>
		<Enemy/>
		<Early/>
		<SnakePit/>
		<DropLocation>0xc04,0x521e,0x521f,0x5342</DropLocation>
		<God/>
		<StasisImmune/>
		<Quest/>
		<Level>1</Level>
		<XpMult>2</XpMult>
		<NoArticle/>
		<Projectile id="0">
			<ObjectId>Pit White Circle</ObjectId>
			<Speed>70</Speed>
			<Damage>95</Damage>
			<Size>125</Size>
			<LifetimeMS>2500</LifetimeMS>
			<ConditionEffect duration="1.0">Stunned</ConditionEffect>
			<MultiHit/>
		</Projectile>
		<Projectile id="1">
			<ObjectId>Pit Dagger</ObjectId>
			<Speed>95</Speed>
			<Damage>45</Damage>
			<Size>120</Size>
			<LifetimeMS>2000</LifetimeMS>
			<ConditionEffect duration="2.5">Armor Broken</ConditionEffect>
			<MultiHit/>
		</Projectile>
		<Projectile id="2">
			<ObjectId>Pit Poison Bomb</ObjectId>
			<Speed>60</Speed>
			<Damage>100</Damage>
			<Size>90</Size>
			<LifetimeMS>2500</LifetimeMS>
			<ConditionEffect duration="3.0">Bleeding</ConditionEffect>
			<MultiHit/>
		</Projectile>
		<Projectile id="3">
			<ObjectId>Pit Slash</ObjectId>
			<Speed>40</Speed>
			<Damage>150</Damage>
			<Size>150</Size>
			<LifetimeMS>2000</LifetimeMS>
			<MultiHit/>
		</Projectile>
		<Projectile id="4">
			<ObjectId>Pit White Circle</ObjectId>
			<Speed>70</Speed>
			<Damage>95</Damage>
			<Size>65</Size>
			<LifetimeMS>500</LifetimeMS>
			<ConditionEffect duration="1.0">Stunned</ConditionEffect>
			<MultiHit/>
		</Projectile>
		<Projectile id="5">
			<ObjectId>Pit Slash</ObjectId>
			<Speed>60</Speed>
			<Damage>125</Damage>
			<Size>125</Size>
			<LifetimeMS>2000</LifetimeMS>
			<MultiHit/>
		</Projectile>
		<Projectile id="6">
			<ObjectId>Pit Slash</ObjectId>
			<Speed>80</Speed>
			<Damage>100</Damage>
			<Size>100</Size>
			<LifetimeMS>2000</LifetimeMS>
			<MultiHit/>
		</Projectile>
		<Projectile id="7">
			<ObjectId>Pit Slash</ObjectId>
			<Speed>100</Speed>
			<Damage>80</Damage>
			<Size>80</Size>
			<LifetimeMS>2000</LifetimeMS>
			<MultiHit/>
		</Projectile>
	</Object>
	<Object type="0x803a" id="Pit White Circle">
		<Class>Projectile</Class>
		<Texture>
			<File>CustomProjs</File>
			<Index>0x2d</Index>
		</Texture>
		<AngleCorrection>0</AngleCorrection>
	</Object>
	<Object type="0x803b" id="Pit Dagger">
		<Class>Projectile</Class>
		<Texture>
			<File>CustomProjs</File>
			<Index>0x2e</Index>
		</Texture>
		<AngleCorrection>1</AngleCorrection>
	</Object>
	<Object type="0x803c" id="Pit Poison Bomb">
		<Class>Projectile</Class>
		<Texture>
			<File>CustomProjs</File>
			<Index>0x2f</Index>
		</Texture>
		<Rotation>100</Rotation>
	</Object>
	<Object type="0x803d" id="Pit Slash">
		<Class>Projectile</Class>
		<Texture>
			<File>CustomProjs</File>
			<Index>0x30</Index>
		</Texture>
		<AngleCorrection>1</AngleCorrection>
	</Object>
	<Object type="0x803e" id="Pit Poison">
		<Class>Projectile</Class>
		<Texture>
			<File>CustomProjs</File>
			<Index>0x31</Index>
		</Texture>
		<AngleCorrection>1</AngleCorrection>
	</Object>
	<Object type="0x0918" id="Stheno Pet">
		<Class>Character</Class>
		<AnimatedTexture>
			<File>chars16x16dEncounters</File>
			<Index>2</Index>
		</AnimatedTexture>
		<HitSound>monster/snakes_hit</HitSound>
		<DeathSound>monster/snakes_death</DeathSound>
		<Size>70</Size>
		<MaxHitPoints>5000</MaxHitPoints>
		<Defense>7</Defense>
		<Enemy/>
		<Level>1</Level>
		<XpMult>0</XpMult>
		<Projectile id="0">
			<ObjectId>Aqua Missile</ObjectId>
			<Speed>60</Speed>
			<Damage>75</Damage>
			<Size>100</Size>
			<LifetimeMS>900</LifetimeMS>
			<ConditionEffect duration="2">Slowed</ConditionEffect>
			<MultiHit/>
		</Projectile>
	</Object>
	<Object type="0x0919" id="Stheno Swarm">
		<Class>Character</Class>
		<AnimatedTexture>
			<File>chars8x8dEncounters</File>
			<Index>3</Index>
		</AnimatedTexture>
		<HitSound>monster/snakes_hit</HitSound>
		<DeathSound>monster/snakes_death</DeathSound>
		<Size>100</Size>
		<MaxHitPoints>1000</MaxHitPoints>
		<Defense>4</Defense>
		<Enemy/>
		<Level>1</Level>
		<XpMult>0</XpMult>
		<Projectile id="0">
			<ObjectId>Aqua Missile</ObjectId>
			<Speed>60</Speed>
			<Damage>40</Damage>
			<Size>70</Size>
			<LifetimeMS>1000</LifetimeMS>
			<MultiHit/>
		</Projectile>
	</Object>
	<Object type="0x0223" id="Pit Snake">
		<Group>Pit Snakes</Group>
		<Enemy/>
		<Class>Character</Class>
		<AnimatedTexture>
			<File>chars8x8rMid2</File>
			<Index>26</Index>
		</AnimatedTexture>
		<HitSound>monster/pit_snakes_hit</HitSound>
		<DeathSound>monster/pit_snakes_death</DeathSound>
		<Size>80</Size>
		<MaxHitPoints>5</MaxHitPoints>
		<Defense>0</Defense>
		<XpMult>0.0</XpMult>
		<Projectile>
			<ObjectId>Green Magic</ObjectId>
			<Speed>60</Speed>
			<Damage>10</Damage>
			<LifetimeMS>2000</LifetimeMS>
		</Projectile>
	</Object>
	<Object type="0x0224" id="Pit Viper">
		<Group>Pit Snakes</Group>
		<Enemy/>
		<Class>Character</Class>
		<AnimatedTexture>
			<File>chars8x8rMid2</File>
			<Index>27</Index>
		</AnimatedTexture>
		<HitSound>monster/pit_snakes_hit</HitSound>
		<DeathSound>monster/pit_snakes_death</DeathSound>
		<Size>80</Size>
		<MaxHitPoints>5</MaxHitPoints>
		<Defense>0</Defense>
		<XpMult>0.0</XpMult>
		<Projectile>
			<ObjectId>Purple Magic</ObjectId>
			<Speed>60</Speed>
			<Damage>20</Damage>
			<LifetimeMS>2000</LifetimeMS>
		</Projectile>
	</Object>
	<Object type="0x0225" id="Fire Python">
		<Group>Pythons</Group>
		<Enemy/>
		<Class>Character</Class>
		<AnimatedTexture>
			<File>chars8x8rMid2</File>
			<Index>28</Index>
		</AnimatedTexture>
		<HitSound>monster/pythons_hit</HitSound>
		<DeathSound>monster/pythons_death</DeathSound>
		<Size>100</Size>
		<MaxHitPoints>200</MaxHitPoints>
		<Defense>5</Defense>
		<Projectile>
			<ObjectId>Red Fire</ObjectId>
			<Speed>80</Speed>
			<Damage>25</Damage>
			<LifetimeMS>2000</LifetimeMS>
		</Projectile>
	</Object>
	<Object type="0x0226" id="Brown Python">
		<Group>Pythons</Group>
		<Enemy/>
		<Class>Character</Class>
		<AnimatedTexture>
			<File>chars8x8rMid2</File>
			<Index>29</Index>
		</AnimatedTexture>
		<HitSound>monster/pythons_hit</HitSound>
		<DeathSound>monster/pythons_death</DeathSound>
		<Size>100</Size>
		<MaxHitPoints>200</MaxHitPoints>
		<Defense>20</Defense>
		<Projectile>
			<ObjectId>Blue Magic</ObjectId>
			<Speed>80</Speed>
			<Damage>25</Damage>
			<LifetimeMS>3000</LifetimeMS>
		</Projectile>
	</Object>
	<Object type="0x0227" id="Yellow Python">
		<Group>Pythons</Group>
		<Enemy/>
		<Class>Character</Class>
		<AnimatedTexture>
			<File>chars8x8rMid2</File>
			<Index>30</Index>
		</AnimatedTexture>
		<HitSound>monster/pythons_hit</HitSound>
		<DeathSound>monster/pythons_death</DeathSound>
		<Size>100</Size>
		<MaxHitPoints>200</MaxHitPoints>
		<Defense>5</Defense>
		<Projectile>
			<ObjectId>Green Bolt</ObjectId>
			<Speed>80</Speed>
			<Damage>25</Damage>
			<LifetimeMS>3000</LifetimeMS>
		</Projectile>
	</Object>
	<Object type="0x0228" id="Greater Pit Snake">
		<Group>Greater Pit Snakes</Group>
		<Enemy/>
		<Class>Character</Class>
		<AnimatedTexture>
			<File>chars16x8dEncounters</File>
			<Index>11</Index>
		</AnimatedTexture>
		<HitSound>monster/greater_pit_snakes_hit</HitSound>
		<DeathSound>monster/greater_pit_snakes_death</DeathSound>
		<Size>100</Size>
		<MaxHitPoints>500</MaxHitPoints>
		<Defense>10</Defense>
		<Projectile>
			<ObjectId>Green Magic</ObjectId>
			<Speed>80</Speed>
			<Damage>50</Damage>
			<LifetimeMS>3000</LifetimeMS>
		</Projectile>
	</Object>
	<Object type="0x0229" id="Greater Pit Viper">
		<Group>Greater Pit Snakes</Group>
		<Enemy/>
		<Class>Character</Class>
		<AnimatedTexture>
			<File>chars16x8dEncounters</File>
			<Index>12</Index>
		</AnimatedTexture>
		<HitSound>monster/greater_pit_snakes_hit</HitSound>
		<DeathSound>monster/greater_pit_snakes_death</DeathSound>
		<Size>100</Size>
		<MaxHitPoints>500</MaxHitPoints>
		<Defense>10</Defense>
		<Projectile>
			<ObjectId>Purple Magic</ObjectId>
			<Speed>60</Speed>
			<Damage>50</Damage>
			<LifetimeMS>3000</LifetimeMS>
		</Projectile>
	</Object>
	<Object type="0x8063" id="SthenoDeathAnim">
		<Class>Character</Class>
		<NoWiki/>
		<Texture>
			<File>CustomObjects32x32</File>
			<Index>0x56</Index>
		</Texture>
		<Animation sync="false" prob="1.0" period="1.96">
			<Frame time="0.12">
				<Texture>
					<File>CustomObjects32x32</File>
					<Index>0x56</Index>
				</Texture>
			</Frame>
			<Frame time="0.12">
				<Texture>
					<File>CustomObjects32x32</File>
					<Index>0x57</Index>
				</Texture>
			</Frame>
			<Frame time="0.12">
				<Texture>
					<File>CustomObjects32x32</File>
					<Index>0x58</Index>
				</Texture>
			</Frame>
			<Frame time="0.12">
				<Texture>
					<File>CustomObjects32x32</File>
					<Index>0x59</Index>
				</Texture>
			</Frame>
			<Frame time="0.12">
				<Texture>
					<File>CustomObjects32x32</File>
					<Index>0x5a</Index>
				</Texture>
			</Frame>
			<Frame time="0.12">
				<Texture>
					<File>CustomObjects32x32</File>
					<Index>0x5b</Index>
				</Texture>
			</Frame>
			<Frame time="0.12">
				<Texture>
					<File>CustomObjects32x32</File>
					<Index>0x5c</Index>
				</Texture>
			</Frame>
			<Frame time="0.12">
				<Texture>
					<File>CustomObjects32x32</File>
					<Index>0x5d</Index>
				</Texture>
			</Frame>
			<Frame time="1.00">
				<Texture>
					<File>invisible</File>
					<Index>0</Index>
				</Texture>
			</Frame>
		</Animation>
		<HitSound>monster/snake_queen_hit</HitSound>
		<DeathSound>monster/snake_queen_death</DeathSound>
		<Size>100</Size>
		<MaxHitPoints>20000</MaxHitPoints>
		<Defense>19</Defense>
		<Enemy/>
		<God/>
		<StasisImmune/>
		<Quest/>
		<Level>1</Level>
		<XpMult>2</XpMult>
		<NoArticle/>
	</Object>
	<Object type="0x903d" id="SP Snake Barrier">
		<Class>Wall</Class>
		<Texture>
			<File>customEnvironment</File>
			<Index>0xe3</Index>
		</Texture>
		<Top>
			<Texture>
				<File>customEnvironment</File>
				<Index>0xe4</Index>
			</Texture>
		</Top>
		<HitSound>monster/stone_walls_hit</HitSound>
		<DeathSound>monster/stone_walls_death</DeathSound>
		<Static/>
		<FullOccupy/>
		<OccupySquare/>
		<EnemyOccupySquare/>
		<BlocksSight/>
	</Object>
	<Object type="0x903e" id="SP Viper Barrier">
		<Class>Wall</Class>
		<Texture>
			<File>customEnvironment</File>
			<Index>0xe5</Index>
		</Texture>
		<Animation prob="1.0" period="0.0">
			<Frame time="0.12">
				<Texture>
					<File>customEnvironment</File>
					<Index>0xe5</Index>
				</Texture>
			</Frame>
			<Frame time="0.12">
				<Texture>
					<File>customEnvironment</File>
					<Index>0xe6</Index>
				</Texture>
			</Frame>
			<Frame time="0.12">
				<Texture>
					<File>customEnvironment</File>
					<Index>0xe7</Index>
				</Texture>
			</Frame>
			<Frame time="0.12">
				<Texture>
					<File>customEnvironment</File>
					<Index>0xe8</Index>
				</Texture>
			</Frame>
		</Animation>
		<Top>
			<Texture>
				<File>customEnvironment</File>
				<Index>0xe9</Index>
			</Texture>
		</Top>
		<HitSound>monster/stone_walls_hit</HitSound>
		<DeathSound>monster/stone_walls_death</DeathSound>
		<Static/>
		<FullOccupy/>
		<OccupySquare/>
		<EnemyOccupySquare/>
		<BlocksSight/>
	</Object>
	<Object type="0x9035" id="Poison Fanged Snake">
		<Enemy/>
		<Class>Character</Class>
		<AnimatedTexture>
			<File>Custom8x8Encounters</File>
			<Index>7</Index>
		</AnimatedTexture>
		<HitSound>monster/greater_pit_snakes_hit</HitSound>
		<DeathSound>monster/greater_pit_snakes_death</DeathSound>
		<Size>100</Size>
		<MaxHitPoints>350</MaxHitPoints>
		<Defense>15</Defense>
		<Projectile>
			<ObjectId>Pit Poison</ObjectId>
			<Speed>80</Speed>
			<Damage>15</Damage>
			<LifetimeMS>2400</LifetimeMS>
			<ConditionEffect duration="1.5">Bleeding</ConditionEffect>
		</Projectile>
	</Object>
	<Object type="0x9036" id="Greater Poison Snake">
		<Enemy/>
		<Class>Character</Class>
		<AnimatedTexture>
			<File>chars16x8dEncounters</File>
			<Index>14</Index>
		</AnimatedTexture>
		<HitSound>monster/greater_pit_snakes_hit</HitSound>
		<DeathSound>monster/greater_pit_snakes_death</DeathSound>
		<Size>120</Size>
		<MaxHitPoints>700</MaxHitPoints>
		<Defense>20</Defense>
		<Projectile>
			<ObjectId>Pit Poison</ObjectId>
			<Speed>70</Speed>
			<Damage>25</Damage>
			<LifetimeMS>2600</LifetimeMS>
			<ConditionEffect duration="2">Bleeding</ConditionEffect>
		</Projectile>
	</Object>
	<Object type="0x9037" id="Pit Poison Guard">
		<Class>Character</Class>
		<Enemy/>
		<AnimatedTexture>
			<File>Custom16x16Encounters</File>
			<Index>13</Index>
		</AnimatedTexture>
		<HitSound>monster/greater_pit_snakes_death</HitSound>
		<DeathSound>monster/scorpions_death</DeathSound>
		<XpMult>1.0</XpMult>
		<Size>125</Size>
		<MaxHitPoints>12000</MaxHitPoints>
		<Defense>50</Defense>
		<Projectile id="0">
			<ObjectId>Pit Poison</ObjectId>
			<Speed>45</Speed>
			<Damage>65</Damage>
			<LifetimeMS>2000</LifetimeMS>
			<Size>100</Size>
		</Projectile>
	</Object>
	<Object type="0x9038" id="SP Statue">
		<Class>GameObject</Class>
		<Texture>
			<File>customEnvironment16x16</File>
			<Index>0x1f</Index>
		</Texture>
		<Static/>
		<OccupySquare/>
		<HitSound>monster/trees_hit</HitSound>
		<DeathSound>monster/tress_death</DeathSound>
	</Object>
	<Object type="0x9039" id="SP Statue Broke">
		<Class>GameObject</Class>
		<Texture>
			<File>customEnvironment16x16</File>
			<Index>0x20</Index>
		</Texture>
		<Static/>
		<OccupySquare/>
		<HitSound>monster/trees_hit</HitSound>
		<DeathSound>monster/tress_death</DeathSound>
	</Object>
	<Object type="0x903a" id="SP Statue 2">
		<Class>GameObject</Class>
		<Texture>
			<File>customEnvironment16x16</File>
			<Index>0x21</Index>
		</Texture>
		<Static/>
		<OccupySquare/>
		<HitSound>monster/trees_hit</HitSound>
		<DeathSound>monster/tress_death</DeathSound>
	</Object>
	<Object type="0x903b" id="SP Statue 2 Broke">
		<Class>GameObject</Class>
		<Texture>
			<File>customEnvironment16x16</File>
			<Index>0x22</Index>
		</Texture>
		<Static/>
		<OccupySquare/>
		<HitSound>monster/trees_hit</HitSound>
		<DeathSound>monster/tress_death</DeathSound>
	</Object>
	<Object type="0x9002" id="Armored Pit Snake">
		<Enemy/>
		<Class>Character</Class>
		<AnimatedTexture>
			<File>chars16x8dEncounters</File>
			<Index>13</Index>
		</AnimatedTexture>
		<HitSound>monster/greater_pit_snakes_hit</HitSound>
		<DeathSound>monster/greater_pit_snakes_death</DeathSound>
		<Size>115</Size>
		<MaxHitPoints>750</MaxHitPoints>
		<Defense>15</Defense>
		<Projectile>
			<ObjectId>Silver Shield</ObjectId>
			<Speed>20</Speed>
			<Damage>5</Damage>
			<LifetimeMS>1000</LifetimeMS>
			<ConditionEffect duration="2">Armor Broken</ConditionEffect>
		</Projectile>
	</Object>
</Objects>
