<?xml version="1.0" encoding="ISO-8859-1"?>

<Objects>
	<Object type="0x0700" id="Dungeon Portal">
		<Class>Portal</Class>
		<IntergamePortal/>
		<Texture>
			<File>lofiEnvironment</File>
			<Index>0x7c</Index>
		</Texture>
	</Object>
	<Object type="0x070f" id="Invisible Placeholder">
		<Class>Character</Class>
		<Texture>
			<File>lofiChar8x8</File>
			<Index>0xb5</Index>
		</Texture>
		<NoMiniMap/>
		<Size>0</Size>
	</Object>
	<Object type="0x0711" id="Trap">
		<Class>Character</Class>
		<Texture>
			<File>lofiEnvironment</File>
			<Index>0xff</Index>
		</Texture>
		<Size>0</Size>
		<Z>-0.2</Z>
		<NoMiniMap/>
	</Object>
	<Object type="0x0712" id="Nexus Portal">
		<Class>Portal</Class>
		<Size>80</Size>
		<IntergamePortal/>
		<NexusPortal/>
		<Texture>
			<File>lofiChar216x16</File>
			<Index>0x3f</Index>
		</Texture>
	</Object>
	<Object type="0x071c" id="Random Realm Portal">
		<Class>Portal</Class>
		<IntergamePortal/>
		<DungeonName>Random Realm</DungeonName>
		<Texture>
			<File>customEnvironment16x16</File>
			<Index>0x1b</Index>
		</Texture>
		<Animation prob="1.0" period="0.0">
			<Frame time="0.15">
				<Texture>
					<File>customEnvironment16x16</File>
					<Index>0x1b</Index>
				</Texture>
			</Frame>
			<Frame time="0.15">
				<Texture>
					<File>customEnvironment16x16</File>
					<Index>0x1c</Index>
				</Texture>
			</Frame>
			<Frame time="0.15">
				<Texture>
					<File>customEnvironment16x16</File>
					<Index>0x1d</Index>
				</Texture>
			</Frame>
			<Frame time="0.15">
				<Texture>
					<File>customEnvironment16x16</File>
					<Index>0x1e</Index>
				</Texture>
			</Frame>
			<Frame time="0.15">
				<Texture>
					<File>customEnvironment16x16</File>
					<Index>0x1b</Index>
				</Texture>
			</Frame>
		</Animation>
	</Object>
	<Object type="0x0720" id="Vault Portal">
		<Class>Portal</Class>
		<IntergamePortal/>
		<DungeonName>Vault</DungeonName>
		<Texture>
			<File>lofiEnvironment3</File>
			<Index>0xf8</Index>
		</Texture>
		<ShadowSize>0</ShadowSize>
	</Object>
	<Object type="0x075b" id="Arena Portal">
		<Class>ArenaPortal</Class>
		<IntergamePortal/>
		<Texture>
			<File>lofiObjBig</File>
			<Index>0xe9</Index>
		</Texture>
		<ShadowSize>0</ShadowSize>
	</Object>
	<Object type="0x0723" id="Gravestone 1">
		<Class>GameObject</Class>
		<ShowName/>
		<Texture>
			<File>lofiChar28x8</File>
			<Index>0x6c</Index>
		</Texture>
	</Object>
	<Object type="0x0724" id="Gravestone 2">
		<Class>GameObject</Class>
		<ShowName/>
		<Texture>
			<File>lofiChar28x8</File>
			<Index>0x6d</Index>
		</Texture>
	</Object>
	<Object type="0x0725" id="Gravestone 3">
		<Class>GameObject</Class>
		<ShowName/>
		<Texture>
			<File>lofiChar28x8</File>
			<Index>0x6e</Index>
		</Texture>
	</Object>
	<Object type="0x0726" id="Gravestone 4">
		<Class>GameObject</Class>
		<ShowName/>
		<Texture>
			<File>lofiChar28x8</File>
			<Index>0x6f</Index>
		</Texture>
	</Object>
	<Object type="0x0727" id="Gravestone 5">
		<Class>GameObject</Class>
		<ShowName/>
		<Texture>
			<File>lofiChar216x16</File>
			<Index>0x13</Index>
		</Texture>
	</Object>
	<Object type="0x0728" id="Gravestone 6">
		<Class>GameObject</Class>
		<ShowName/>
		<Texture>
			<File>lofiChar216x16</File>
			<Index>0x14</Index>
		</Texture>
	</Object>
	<Object type="0x0729" id="Gravestone 7">
		<Class>GameObject</Class>
		<ShowName/>
		<Texture>
			<File>lofiChar216x16</File>
			<Index>0x15</Index>
		</Texture>
	</Object>
	<Object type="0x072a" id="Gravestone 8">
		<Class>GameObject</Class>
		<ShowName/>
		<Texture>
			<File>lofiChar216x16</File>
			<Index>0x16</Index>
		</Texture>
	</Object>
	<Object type="0x072b" id="Gravestone 9">
		<Class>GameObject</Class>
		<ShowName/>
		<Texture>
			<File>lofiChar216x16</File>
			<Index>0x17</Index>
		</Texture>
	</Object>
	<Object type="0x0734" id="Gravestone 10">
		<Class>GameObject</Class>
		<ShowName/>
		<Texture>
			<File>lofiChar216x16</File>
			<Index>0x27</Index>
		</Texture>
	</Object>
	<Object type="0x0735" id="Gravestone 11">
		<Class>GameObject</Class>
		<ShowName/>
		<Texture>
			<File>lofiChar216x16</File>
			<Index>0x3d</Index>
		</Texture>
	</Object>
	<Object type="0x01c7" id="White Fountain">
		<Class>GameObject</Class>
		<Model>Tower</Model>
		<Effect color="0x4165D5">Fountain</Effect>
		<Texture>
			<File>lofiEnvironment2</File>
			<Index>0x96</Index>
		</Texture>
	</Object>
	<Object type="0x074f" id="Winter Fountain Frozen">
		<Class>GameObject</Class>
		<Model>Tower</Model>
		<Texture>
			<File>lofiEnvironment2</File>
			<Index>0x96</Index>
		</Texture>
		<ShadowSize>0</ShadowSize>
	</Object>
	<Object type="0x0ddb" id="Winter Fountain Snowy">
		<Class>GameObject</Class>
		<Model>Tower</Model>
		<Effect color="0xF0F0FF">FountainSnowy</Effect>
		<Texture>
			<File>lofiEnvironment2</File>
			<Index>0x96</Index>
		</Texture>
	</Object>
	<Object type="0x01f0" id="Fountain Placer Center">
		<Class>Character</Class>
		<Size>0</Size>
		<Texture>
			<File>lofiEnvironment2</File>
			<Index>0x96</Index>
		</Texture>
	</Object>
	<Object type="0x060b" id="Fountain Placer Center Snowy">
		<Class>Character</Class>
		<Size>0</Size>
		<Texture>
			<File>lofiEnvironment2</File>
			<Index>0x96</Index>
		</Texture>
	</Object>
	<Object type="0x01ef" id="Halloween Fountain">
		<Class>GameObject</Class>
		<Model>Tower</Model>
		<Effect color="0x91121c">Fountain</Effect>
		<Texture>
			<File>lofiEnvironment2</File>
			<Index>0x162</Index>
		</Texture>
		<ShadowSize>0</ShadowSize>
	</Object>
	<Object type="0x01ca" id="Merchant">
		<Class>Merchant</Class>
		<Texture>
			<File>lofiObj2</File>
			<Index>0x77</Index>
		</Texture>
	</Object>
	<Object type="0x074e" id="Winter now">
		<Class>Character</Class>
		<Texture>
			<File>invisible</File>
			<Index>0</Index>
		</Texture>
		<Size>0</Size>
		<ShadowSize>0</ShadowSize>
		<NoMiniMap/>
		<StasisImmune/>
		<Effect color="0xFFFFFF" rate="4" life="3" lifeVariance=".25" speed="0" speedVariance=".5" size="5" rise="-.6" riseVariance=".1" rangeX="5" rangeY="5">CustomParticles</Effect>
	</Object>
	<Object type="0x0755" id="Charachter Changer Maker LF">
		<Class>Character</Class>
		<Size>0</Size>
		<Texture>
			<File>lofiChar8x8</File>
			<Index>0x18</Index>
		</Texture>
	</Object>
	<Object type="0x0756" id="Charachter Changer Maker">
		<Class>Character</Class>
		<Size>0</Size>
		<Texture>
			<File>lofiChar8x8</File>
			<Index>0x08</Index>
		</Texture>
	</Object>
	<Object type="0x072f" id="Guild Hall Portal">
		<Class>GuildHallPortal</Class>
		<IntergamePortal/>
		<DungeonName>Guild Hall</DungeonName>
		<Texture>
			<File>lofiEnvironment2</File>
			<Index>0x54</Index>
		</Texture>
		<ShadowSize>0</ShadowSize>
	</Object>
	<Object type="0x0736" id="Guild Hall Upgrade 1">
		<DisplayId>Guild Hall Upgrade</DisplayId>
		<Class>GuildMerchant</Class>
		<Price>10000</Price>
		<GuildItem>GuildHallUpgrade</GuildItem>
		<GuildItemParam>Guild Hall 2</GuildItemParam>
		<Description>This will make your Guild Hall larger and more attractive.  Note that this will take effect after the Guild Hall is empty for a few minutes.</Description>
		<Texture>
			<File>customEnvironment16x16</File>
			<Index>0x7f</Index>
		</Texture>
		<OccupySquare/>
		<Static/>
	</Object>
	<Object type="0x0737" id="Guild Hall Upgrade 2">
		<DisplayId>Guild Hall Upgrade</DisplayId>
		<Class>GuildMerchant</Class>
		<Price>100000</Price>
		<GuildItem>GuildHallUpgrade</GuildItem>
		<GuildItemParam>Guild Hall 3</GuildItemParam>
		<Description>This will make your Guild Hall larger and more attractive.  Note that this will take effect after the Guild Hall is empty for a few minutes.</Description>
		<Texture>
			<File>customEnvironment16x16</File>
			<Index>0x7f</Index>
		</Texture>
		<OccupySquare/>
		<Static/>
	</Object>
	<Object type="0x0738" id="Guild Hall Upgrade 3">
		<DisplayId>Guild Hall Upgrade</DisplayId>
		<Class>GuildMerchant</Class>
		<Price>250000</Price>
		<GuildItem>GuildHallUpgrade</GuildItem>
		<GuildItemParam>Guild Hall 4</GuildItemParam>
		<Description>This will make your Guild Hall larger and more attractive.  Note that this will take effect after the Guild Hall is empty for a few minutes.</Description>
		<Texture>
			<File>customEnvironment16x16</File>
			<Index>0x7f</Index>
		</Texture>
		<OccupySquare/>
		<Static/>
	</Object>
	<Object type="0x0749" id="G Door Opener">
		<Class>GameObject</Class>
		<Texture>
			<File>invisible</File>
			<Index>0</Index>
		</Texture>
		<ShadowSize>0</ShadowSize>
	</Object>
	<Object type="0x073a" id="Cube">
		<Class>GameObject</Class>
		<Model>Cube</Model>
	</Object>
	<Object type="0x073b" id="Big Cube">
		<Class>GameObject</Class>
		<Model>Big Cube</Model>
	</Object>
	<Object type="0x073c" id="Ico">
		<Class>GameObject</Class>
		<Model>Ico</Model>
	</Object>
	<Object type="0x073d" id="Octa">
		<Class>GameObject</Class>
		<Model>Octa</Model>
	</Object>
	<Object type="0x073e" id="Pyramid">
		<Class>GameObject</Class>
		<Model>Pyramid</Model>
	</Object>
	<Object type="0x073f" id="Tetra">
		<Class>GameObject</Class>
		<Model>Tetra</Model>
	</Object>
	<Object type="0x0740" id="Dodec">
		<Class>GameObject</Class>
		<Model>Dodec</Model>
	</Object>
	<Object type="0x0750" id="Cloth Bazaar Portal">
		<Class>Portal</Class>
		<DungeonName>Cloth Bazaar</DungeonName>
		<IntergamePortal/>
		<ShowName/>
		<Texture>
			<File>lofiObj3</File>
			<Index>0x33f</Index>
		</Texture>
	</Object>
	<Object type="0x0751" id="Cloth Bazaar Portal Maker">
		<Class>Character</Class>
		<Size>0</Size>
		<Texture>
			<File>lofiEnvironment2</File>
			<Index>0x36</Index>
		</Texture>
	</Object>
	<Object type="0x0753" id="Pet Yard Portal">
		<Class>Portal</Class>
		<DungeonName>Pet Yard</DungeonName>
		<IntergamePortal/>
		<Texture>
			<File>lofiObj3</File>
			<Index>0x0d</Index>
		</Texture>
		<DisplayId>{objects.Pet_Yard_Portal}</DisplayId>
		<Size>100</Size>
		<ShadowSize>100</ShadowSize>
		<ShowName/>
	</Object>
	<Object type="0x0754" id="Marketplace">
		<Class>MarketNPC</Class>
		<Texture>
			<File>lofiObj2</File>
			<Index>0xfb</Index>
		</Texture>
		<Size>0</Size>
		<ShadowSize>0</ShadowSize>
	</Object>
	<Object type="0x0511" id="Mystery Box">
		<Class>MysteryBoxGround</Class>
		<Texture>
			<File>lofiObj2</File>
			<Index>0x0f</Index>
		</Texture>
	</Object>
	<Object type="0x222b" id="Mystery Box Ground Object">
		<Class>MysteryBoxGround</Class>
		<NoMiniMap/>
		<ShadowSize>0</ShadowSize>
		<Size>0</Size>
		<Texture>
			<File>lofiObj3</File>
			<Index>0x494</Index>
		</Texture>
		<StasisImmune/>
	</Object>
	<Object type="0x222c" id="mb shopkeep1">
		<DisplayId>Mystery Box Shop</DisplayId>
		<Class>Character</Class>
		<ShadowSize>50</ShadowSize>
		<Size>80</Size>
		<Texture>
			<File>lofiObjBig</File>
			<Index>0x153</Index>
		</Texture>
		<StasisImmune/>
	</Object>
	<Object type="0x222d" id="mb shopkeep2">
		<DisplayId>Mystery Box Shop</DisplayId>
		<Class>Character</Class>
		<ShadowSize>50</ShadowSize>
		<Size>80</Size>
		<Texture>
			<File>lofiObjBig</File>
			<Index>0x154</Index>
		</Texture>
		<StasisImmune/>
	</Object>
	<Object type="0x22f0" id="Fortune Ground Object">
		<Class>FortuneGround</Class>
		<NoMiniMap/>
		<ShadowSize>0</ShadowSize>
		<Size>0</Size>
		<Texture>
			<File>lofiObj3</File>
			<Index>0x494</Index>
		</Texture>
		<StasisImmune/>
	</Object>
	<Object type="0x22f1" id="ft shopkeep">
		<DisplayId>The Alchemist</DisplayId>
		<Class>FortuneTeller</Class>
		<ShadowSize>50</ShadowSize>
		<Size>100</Size>
		<Texture>
			<File>lofiObj3</File>
			<Index>0x4f5</Index>
		</Texture>
		<StasisImmune/>
	</Object>
	<Object type="0x1757" id="ft Vases with rug">
		<Class>GameObject</Class>
		<ShowName/>
		<Size>100</Size>
		<Texture>
			<File>lofiCharBig</File>
			<Index>0x170</Index>
		</Texture>
	</Object>
	<Object type="0x1758" id="ft Vases">
		<Class>GameObject</Class>
		<ShowName/>
		<Size>100</Size>
		<Texture>
			<File>lofiCharBig</File>
			<Index>0x171</Index>
		</Texture>
	</Object>
	<Object type="0x744D" id="Event Chest">
		<DisplayId>Event Chest</DisplayId>
		<Class>Character</Class>
		<Enemy/>
		<KeepDamageRecord/>
		<Texture>
			<File>lofiObj3</File>
			<Index>0x466</Index>
		</Texture>
		<MaxHitPoints>180000</MaxHitPoints>
		<Defense>0</Defense>
		<Size>160</Size>
		<XpMult>5.13</XpMult>
	</Object>
	<Object type="0x744F" id="Event Chest Portal">
		<DisplayId>Event Chest</DisplayId>
		<Class>Character</Class>
		<Enemy/>
		<Texture>
			<File>lofiObj3</File>
			<Index>0x466</Index>
		</Texture>
		<MaxHitPoints>30000</MaxHitPoints>
		<Defense>0</Defense>
		<Size>160</Size>
		<XpMult>0.0</XpMult>
	</Object>
	<Object type="0x7412" id="Nexus Anchor">
		<Class>Character</Class>
		<NoMiniMap/>
		<Texture>
			<File>lofiInterfaceBig</File>
			<Index>6</Index>
		</Texture>
		<AltTexture id="1">
			<Texture>
				<File>invisible</File>
				<Index>0</Index>
			</Texture>
		</AltTexture>
		<MaxHitPoints>100000</MaxHitPoints>
		<Size>0</Size>
	</Object>
	<Object type="0x7413" id="Nexus Chinese Dragon">
		<Class>Character</Class>
		<AnimatedTexture>
			<File>petsDivine</File>
			<Index>37</Index>
		</AnimatedTexture>
		<MaxHitPoints>100000</MaxHitPoints>
		<Size>120</Size>
		<ShadowSize>60</ShadowSize>
		<Z>0.8</Z>
		<Flying/>
	</Object>
	<Object type="0x7414" id="Nexus Paper Lantern">
		<Class>Character</Class>
		<Texture>
			<File>d3LofiObjEmbed16</File>
			<Index>0x2a</Index>
		</Texture>
		<Animation prob="0.2" period="10" periodJitter="5">
			<Frame time="0.2">
				<Texture>
					<File>d3LofiObjEmbed16</File>
					<Index>0x29</Index>
				</Texture>
			</Frame>
			<Frame time="0.2">
				<Texture>
					<File>d3LofiObjEmbed16</File>
					<Index>0x2a</Index>
				</Texture>
			</Frame>
			<Frame time="0.2">
				<Texture>
					<File>d3LofiObjEmbed16</File>
					<Index>0x29</Index>
				</Texture>
			</Frame>
			<Frame time="0.2">
				<Texture>
					<File>d3LofiObjEmbed16</File>
					<Index>0x2a</Index>
				</Texture>
			</Frame>
			<Frame time="0.2">
				<Texture>
					<File>d3LofiObjEmbed16</File>
					<Index>0x29</Index>
				</Texture>
			</Frame>
		</Animation>
		<Animation prob="0.2" period="35" periodJitter="10">
			<Frame time="0.3">
				<Texture>
					<File>d3LofiObjEmbed16</File>
					<Index>0x29</Index>
				</Texture>
			</Frame>
			<Frame time="1.2">
				<Texture>
					<File>d3LofiObjEmbed16</File>
					<Index>0x28</Index>
				</Texture>
			</Frame>
			<Frame time="0.3">
				<Texture>
					<File>d3LofiObjEmbed16</File>
					<Index>0x29</Index>
				</Texture>
			</Frame>
		</Animation>
		<MaxHitPoints>100000</MaxHitPoints>
		<Size>80</Size>
		<ShadowSize>180</ShadowSize>
		<ShadowColor>0xff8271</ShadowColor>
		<Z>0.5</Z>
		<Flying/>
	</Object>
	<Object type="0x7415" id="Nexus Paper Lantern Small">
		<Class>Character</Class>
		<Texture>
			<File>d3LofiObjEmbed16</File>
			<Index>0x22</Index>
		</Texture>
		<Animation prob="0.2" period="10" periodJitter="5">
			<Frame time="0.2">
				<Texture>
					<File>d3LofiObjEmbed16</File>
					<Index>0x21</Index>
				</Texture>
			</Frame>
			<Frame time="0.2">
				<Texture>
					<File>d3LofiObjEmbed16</File>
					<Index>0x22</Index>
				</Texture>
			</Frame>
			<Frame time="0.2">
				<Texture>
					<File>d3LofiObjEmbed16</File>
					<Index>0x21</Index>
				</Texture>
			</Frame>
			<Frame time="0.2">
				<Texture>
					<File>d3LofiObjEmbed16</File>
					<Index>0x22</Index>
				</Texture>
			</Frame>
			<Frame time="0.2">
				<Texture>
					<File>d3LofiObjEmbed16</File>
					<Index>0x21</Index>
				</Texture>
			</Frame>
		</Animation>
		<Animation prob="0.2" period="35" periodJitter="10">
			<Frame time="0.3">
				<Texture>
					<File>d3LofiObjEmbed16</File>
					<Index>0x21</Index>
				</Texture>
			</Frame>
			<Frame time="1.2">
				<Texture>
					<File>d3LofiObjEmbed16</File>
					<Index>0x20</Index>
				</Texture>
			</Frame>
			<Frame time="0.3">
				<Texture>
					<File>d3LofiObjEmbed16</File>
					<Index>0x21</Index>
				</Texture>
			</Frame>
		</Animation>
		<MaxHitPoints>100000</MaxHitPoints>
		<Size>80</Size>
		<ShadowSize>100</ShadowSize>
		<ShadowColor>0xff8271</ShadowColor>
		<Z>0.4</Z>
		<Flying/>
	</Object>
	<Object type="0x7416" id="RunesNPC">
		<Class>RunesObject</Class>
		<Texture>
			<File>lofiObjBig</File>
			<Index>0x190</Index>
		</Texture>
		<Animation prob="1" period="1.5" periodJitter="10">
			<Frame time="0.5">
				<Texture>
					<File>lofiObjBig</File>
					<Index>0x191</Index>
				</Texture>
			</Frame>
			<Frame time="0.5">
				<Texture>
					<File>lofiObjBig</File>
					<Index>0x192</Index>
				</Texture>
			</Frame>
			<Frame time="0.5">
				<Texture>
					<File>lofiObjBig</File>
					<Index>0x193</Index>
				</Texture>
			</Frame>
		</Animation>
	</Object>
	<Object type="0x7417" id="MarketNPC">
		<Class>MarketObject</Class>
		<Texture>
			<File>CustomObjects32x32</File>
			<Index>0x00</Index>
		</Texture>
		<Animation prob="1.0" period="0.0">
			<Frame time="0.15">
				<Texture>
					<File>CustomObjects32x32</File>
					<Index>0x00</Index>
				</Texture>
			</Frame>
			<Frame time="0.15">
				<Texture>
					<File>CustomObjects32x32</File>
					<Index>0x01</Index>
				</Texture>
			</Frame>
			<Frame time="0.15">
				<Texture>
					<File>CustomObjects32x32</File>
					<Index>0x02</Index>
				</Texture>
			</Frame>
			<Frame time="0.15">
				<Texture>
					<File>CustomObjects32x32</File>
					<Index>0x03</Index>
				</Texture>
			</Frame>
			<Frame time="0.15">
				<Texture>
					<File>CustomObjects32x32</File>
					<Index>0x04</Index>
				</Texture>
			</Frame>
			<Frame time="0.15">
				<Texture>
					<File>CustomObjects32x32</File>
					<Index>0x05</Index>
				</Texture>
			</Frame>
			<Frame time="0.15">
				<Texture>
					<File>CustomObjects32x32</File>
					<Index>0x06</Index>
				</Texture>
			</Frame>
			<Frame time="0.15">
				<Texture>
					<File>CustomObjects32x32</File>
					<Index>0x07</Index>
				</Texture>
			</Frame>
			<Frame time="0.15">
				<Texture>
					<File>CustomObjects32x32</File>
					<Index>0x08</Index>
				</Texture>
			</Frame>
			<Frame time="0.15">
				<Texture>
					<File>CustomObjects32x32</File>
					<Index>0x09</Index>
				</Texture>
			</Frame>
			<Frame time="0.15">
				<Texture>
					<File>CustomObjects32x32</File>
					<Index>0x0a</Index>
				</Texture>
			</Frame>
			<Frame time="0.15">
				<Texture>
					<File>CustomObjects32x32</File>
					<Index>0x0b</Index>
				</Texture>
			</Frame>
		</Animation>
	</Object>
	<Object type="0x903c" id="Nexus Huge Tree">
		<Class>Character</Class>
		<Texture>
			<File>CustomObjects64x64</File>
			<Index>0x00</Index>
		</Texture>
		<MaxHitPoints>20000</MaxHitPoints>
		<HitSound>monster/slimes_death</HitSound>
		<DeathSound>monster/flying_brain_death</DeathSound>
		<Size>200</Size>
		<ShadowSize>0</ShadowSize>
		<Defense>10</Defense>
	</Object>
	<Object type="0x41a9" id="Forge">
		<Class>Forge</Class>
		<Texture>
			<File>customEnvironment16x16</File>
			<Index>0x42</Index>
		</Texture>
		<Size>100</Size>
	</Object>
	<Object type="0x5367" id="Trial of Advancement">
		<Class>Portal</Class>
		<IntergamePortal/>
		<DungeonName>Vault</DungeonName>
		<Texture>
			<File>customEnvironment16x16</File>
			<Index>0x40</Index>
		</Texture>
		<Animation prob="1.0" period="0.0">
			<Frame time="0.5">
				<Texture>
					<File>customEnvironment16x16</File>
					<Index>0x40</Index>
				</Texture>
			</Frame>
			<Frame time="0.5">
				<Texture>
					<File>customEnvironment16x16</File>
					<Index>0x41</Index>
				</Texture>
			</Frame>
		</Animation>
		<ShadowSize>0</ShadowSize>
	</Object>
	<Object type="0x42a0" id="Potion Storage">
		<Class>PotionStorage</Class>
		<Texture>
			<File>customEnvironment16x16</File>
			<Index>0x43</Index>
		</Texture>
		<Size>100</Size>

	</Object>
	<Object type="0x910d" id="BudofLife">
		<Class>GameObject</Class>
		<DisplayId>Bud of Life</DisplayId>
		<Texture>
			<File>CustomObj</File>
			<Index>0x11e</Index>
		</Texture>
		<Animation prob="1" period="1">
			<Frame time="0.5">
				<Texture>
					<File>CustomObj</File>
					<Index>0x11f</Index>
				</Texture>
			</Frame>
			<Frame time="0.5">
				<Texture>
					<File>CustomObj</File>
					<Index>0x11e</Index>
				</Texture>
			</Frame>
		</Animation>
		<Size>100</Size>
	</Object>
	<Object type="0x910e" id="Pink Bud">
		<Class>GameObject</Class>
		<DisplayId>Bud of Life</DisplayId>
		<Texture>
			<File>CustomObj</File>
			<Index>0x11e</Index>
		</Texture>
		<Size>80</Size>
	</Object>
	<Object type="0x910f" id="Blue Bud">
		<Class>GameObject</Class>
		<DisplayId>Blue Bud</DisplayId>
		<Texture>
			<File>CustomObj</File>
			<Index>0x11e</Index>
		</Texture>
		<Size>80</Size>
	</Object>
	<Object type="0x9110" id="Trials Marble Wall">
		<Class>Wall</Class>
		<Top>
			<Texture>
				<File>customEnvironment</File>
				<Index>0x17f</Index>
			</Texture>
		</Top>
		<Texture>
			<File>customEnvironment</File>
			<Index>0x180</Index>
		</Texture>
		<HitSound>monster/stone_walls_hit</HitSound>
		<DeathSound>monster/stone_walls_death</DeathSound>
		<Static/>
		<FullOccupy/>
		<OccupySquare/>
		<EnemyOccupySquare/>
		<BlocksSight/>
		<Static/>
	</Object>
	<Object type="0x9111" id="Trials Marble Wall 2">
		<Class>Wall</Class>
		<Top>
			<Texture>
				<File>customEnvironment</File>
				<Index>0x17f</Index>
			</Texture>
		</Top>
		<Texture>
			<File>customEnvironment</File>
			<Index>0x180</Index>
		</Texture>
		<HitSound>monster/stone_walls_hit</HitSound>
		<DeathSound>monster/stone_walls_death</DeathSound>
		<Static/>
		<FullOccupy/>
		<OccupySquare/>
		<EnemyOccupySquare/>
		<BlocksSight/>
		<Static/>
	</Object>
	<Object type="0x9112" id="Trials Invis Barrier">
		<Class>Character</Class>
		<Texture>
			<File>customEnvironment</File>
			<Index>0xa7</Index>
		</Texture>
		<HitSound>monster/snake_queen_hit</HitSound>
		<DeathSound>monster/snake_queen_death</DeathSound>
		<Size>100</Size>
		<MaxHitPoints>20000</MaxHitPoints>
		<StasisImmune/>
		<ShadowSize>0</ShadowSize>
		<XpMult>0.0</XpMult>
		<NoMiniMap/>
		<NoArticle/>
	</Object>
	<Object type="0x9113" id="Nexus Wall 1">
		<Class>Wall</Class>
		<Top>
			<Texture>
				<File>customEnvironment</File>
				<Index>0x1a7</Index>
			</Texture>
		</Top>
		<Texture>
			<File>customEnvironment</File>
			<Index>0x1a8</Index>
		</Texture>
		<HitSound>monster/stone_walls_hit</HitSound>
		<DeathSound>monster/stone_walls_death</DeathSound>
		<Static/>
		<FullOccupy/>
		<OccupySquare/>
		<EnemyOccupySquare/>
		<BlocksSight/>
		<Static/>
	</Object>
	<Object type="0x9114" id="Aztec Wall Pale">
		<Class>Wall</Class>
		<Top>
			<Texture>
				<File>customEnvironment</File>
				<Index>0x1bb</Index>
			</Texture>
		</Top>
		<Texture>
			<File>customEnvironment</File>
			<Index>0x1bc</Index>
		</Texture>
		<HitSound>monster/stone_walls_hit</HitSound>
		<DeathSound>monster/stone_walls_death</DeathSound>
		<Static/>
		<FullOccupy/>
		<OccupySquare/>
		<EnemyOccupySquare/>
		<BlocksSight/>
		<Static/>
	</Object>
	<Object type="0x9115" id="Aztec Wall Darker">
		<Class>Wall</Class>
		<Top>
			<Texture>
				<File>customEnvironment</File>
				<Index>0x1bd</Index>
			</Texture>
		</Top>
		<Texture>
			<File>customEnvironment</File>
			<Index>0x1be</Index>
		</Texture>
		<HitSound>monster/stone_walls_hit</HitSound>
		<DeathSound>monster/stone_walls_death</DeathSound>
		<Static/>
		<FullOccupy/>
		<OccupySquare/>
		<EnemyOccupySquare/>
		<BlocksSight/>
		<Static/>
	</Object>
	<Object type="0x9139" id="Flooded Cavern Wall">
		<Class>Wall</Class>
		<Top>
			<Texture>
				<File>customEnvironment</File>
				<Index>0x1e9</Index>
			</Texture>
		</Top>
		<Texture>
			<File>customEnvironment</File>
			<Index>0x1e8</Index>
		</Texture>
		<HitSound>monster/stone_walls_hit</HitSound>
		<DeathSound>monster/stone_walls_death</DeathSound>
		<Static/>
		<FullOccupy/>
		<OccupySquare/>
		<EnemyOccupySquare/>
		<BlocksSight/>
		<Static/>
	</Object>
	<Object type="0x913a" id="Flooded Algee 1">
		<Class>GameObject</Class>
		<Texture>
			<File>customEnvironment</File>
			<Index>0x1ef</Index>
		</Texture>
		<Animation prob="1.0" period="2.0">
			<Frame time="0.25">
				<Texture>
					<File>customEnvironment</File>
					<Index>0x1ef</Index>
				</Texture>
			</Frame>
			<Frame time="0.25">
				<Texture>
					<File>customEnvironment</File>
					<Index>0x1f0</Index>
				</Texture>
			</Frame>
			<Frame time="0.25">
				<Texture>
					<File>customEnvironment</File>
					<Index>0x1f1</Index>
				</Texture>
			</Frame>
			<Frame time="0.25">
				<Texture>
					<File>customEnvironment</File>
					<Index>0x1f2</Index>
				</Texture>
			</Frame>
			<Frame time="0.25">
				<Texture>
					<File>customEnvironment</File>
					<Index>0x1f3</Index>
				</Texture>
			</Frame>
			<Frame time="0.25">
				<Texture>
					<File>customEnvironment</File>
					<Index>0x1f4</Index>
				</Texture>
			</Frame>
			<Frame time="0.25">
				<Texture>
					<File>customEnvironment</File>
					<Index>0x1f5</Index>
				</Texture>
			</Frame>
			<Frame time="0.25">
				<Texture>
					<File>customEnvironment</File>
					<Index>0x1f6</Index>
				</Texture>
			</Frame>
		</Animation>
		<OccupySquare/>
		<HitSound>monster/trees_hit</HitSound>
		<DeathSound>monster/tress_death</DeathSound>
	</Object>
	<Object type="0x913b" id="Flooded Algee 2">
		<Class>GameObject</Class>
		<Texture>
			<File>customEnvironment</File>
			<Index>0x1f7</Index>
		</Texture>
		<Animation prob="1.0" period="2.0">
			<Frame time="0.25">
				<Texture>
					<File>customEnvironment</File>
					<Index>0x1f7</Index>
				</Texture>
			</Frame>
			<Frame time="0.25">
				<Texture>
					<File>customEnvironment</File>
					<Index>0x1f8</Index>
				</Texture>
			</Frame>
			<Frame time="0.25">
				<Texture>
					<File>customEnvironment</File>
					<Index>0x1f9</Index>
				</Texture>
			</Frame>
			<Frame time="0.25">
				<Texture>
					<File>customEnvironment</File>
					<Index>0x1fa</Index>
				</Texture>
			</Frame>
			<Frame time="0.25">
				<Texture>
					<File>customEnvironment</File>
					<Index>0x1fb</Index>
				</Texture>
			</Frame>
			<Frame time="0.25">
				<Texture>
					<File>customEnvironment</File>
					<Index>0x1fc</Index>
				</Texture>
			</Frame>
			<Frame time="0.25">
				<Texture>
					<File>customEnvironment</File>
					<Index>0x1fd</Index>
				</Texture>
			</Frame>
			<Frame time="0.25">
				<Texture>
					<File>customEnvironment</File>
					<Index>0x1fe</Index>
				</Texture>
			</Frame>
		</Animation>
		<OccupySquare/>
		<HitSound>monster/trees_hit</HitSound>
		<DeathSound>monster/tress_death</DeathSound>
	</Object>
	<Object type="0x913c" id="Flooded Algee 3">
		<Class>GameObject</Class>
		<Texture>
			<File>customEnvironment</File>
			<Index>0x1ff</Index>
		</Texture>
		<Animation prob="1.0" period="1.5">
			<Frame time="0.25">
				<Texture>
					<File>customEnvironment</File>
					<Index>0x1ff</Index>
				</Texture>
			</Frame>
			<Frame time="0.25">
				<Texture>
					<File>customEnvironment</File>
					<Index>0x200</Index>
				</Texture>
			</Frame>
			<Frame time="0.25">
				<Texture>
					<File>customEnvironment</File>
					<Index>0x201</Index>
				</Texture>
			</Frame>
			<Frame time="0.25">
				<Texture>
					<File>customEnvironment</File>
					<Index>0x202</Index>
				</Texture>
			</Frame>
			<Frame time="0.25">
				<Texture>
					<File>customEnvironment</File>
					<Index>0x203</Index>
				</Texture>
			</Frame>
			<Frame time="0.25">
				<Texture>
					<File>customEnvironment</File>
					<Index>0x204</Index>
				</Texture>
			</Frame>
		</Animation>
		<OccupySquare/>
		<HitSound>monster/trees_hit</HitSound>
		<DeathSound>monster/tress_death</DeathSound>
	</Object>
	<Object type="0x913f" id="Flooded Cavern Treasure">
		<Class>Character</Class>
		<Enemy/>
		<OccupySquare/>
		<NoMiniMap/>
		<Static/>
		<RandomTexture>
			<Texture>
				<File>customEnvironment</File>
				<Index>0x211</Index>
			</Texture>
			<Texture>
				<File>customEnvironment</File>
				<Index>0x212</Index>
			</Texture>
			<Texture>
				<File>customEnvironment</File>
				<Index>0x213</Index>
			</Texture>
		</RandomTexture>
		<HitSound>monster/slimes_death</HitSound>
		<DeathSound>monster/flying_brain_death</DeathSound>
		<Size>125</Size>
		<ShadowSize>0</ShadowSize>
		<MaxHitPoints>500</MaxHitPoints>
		<Defense>10</Defense>
		<XpMult>0.0</XpMult>
		<DisplayId>Flooded Cavern Treasure</DisplayId>
	</Object>
	<Object type="0x9141" id="Shoreline Monarch Wall">
		<Class>Wall</Class>
		<Top>
			<Texture>
				<File>customEnvironment</File>
				<Index>0x219</Index>
			</Texture>
		</Top>
		<Texture>
			<File>customEnvironment</File>
			<Index>0x21a</Index>
		</Texture>
		<HitSound>monster/stone_walls_hit</HitSound>
		<DeathSound>monster/stone_walls_death</DeathSound>
		<Static/>
		<FullOccupy/>
		<OccupySquare/>
		<EnemyOccupySquare/>
		<BlocksSight/>
		<Static/>
	</Object>
	<Object type="0x915c" id="Oryx Invis Barrier">
		<Class>Character</Class>
		<Texture>
			<File>customEnvironment</File>
			<Index>0xa7</Index>
		</Texture>
		<HitSound>monster/snake_queen_hit</HitSound>
		<DeathSound>monster/snake_queen_death</DeathSound>
		<Size>100</Size>
		<MaxHitPoints>20000</MaxHitPoints>
		<StasisImmune/>
		<ShadowSize>0</ShadowSize>
		<XpMult>0.0</XpMult>
		<NoMiniMap/>
		<NoArticle/>
	</Object>
	<Object type="0x9163" id="Orc Lantern">
		<Class>GameObject</Class>
		<Texture>
			<File>customEnvironment16x16</File>
			<Index>0x6f</Index>
		</Texture>
		<Animation prob="1.0" period="0.0">
			<Frame time="0.15">
				<Texture>
					<File>customEnvironment16x16</File>
					<Index>0x6f</Index>
				</Texture>
			</Frame>
			<Frame time="0.15">
				<Texture>
					<File>customEnvironment16x16</File>
					<Index>0x70</Index>
				</Texture>
			</Frame>
			<Frame time="0.15">
				<Texture>
					<File>customEnvironment16x16</File>
					<Index>0x71</Index>
				</Texture>
			</Frame>
			<Frame time="0.15">
				<Texture>
					<File>customEnvironment16x16</File>
					<Index>0x72</Index>
				</Texture>
			</Frame>
			<Frame time="0.15">
				<Texture>
					<File>customEnvironment16x16</File>
					<Index>0x73</Index>
				</Texture>
			</Frame>
			<Frame time="0.15">
				<Texture>
					<File>customEnvironment16x16</File>
					<Index>0x74</Index>
				</Texture>
			</Frame>
		</Animation>
	</Object>
	<Object type="0x9164" id="Flooded Cavern Wall Fake">
		<Class>Wall</Class>
		<Top>
			<Texture>
				<File>customEnvironment</File>
				<Index>0x1e9</Index>
			</Texture>
		</Top>
		<Texture>
			<File>customEnvironment</File>
			<Index>0x1e8</Index>
		</Texture>
		<HitSound>monster/stone_walls_hit</HitSound>
		<DeathSound>monster/stone_walls_death</DeathSound>
		<Static/>
		<FullOccupy/>
		<OccupySquare/>
		<EnemyOccupySquare/>
		<BlocksSight/>
		<Static/>
	</Object>
	<Object type="0x9165" id="Flooded Cavern Gold">
		<Class>GameObject</Class>
		<RandomTexture>
			<Texture>
				<File>customEnvironment</File>
				<Index>0x21d</Index>
			</Texture>
			<Texture>
				<File>customEnvironment</File>
				<Index>0x21e</Index>
			</Texture>
			<Texture>
				<File>customEnvironment</File>
				<Index>0x21f</Index>
			</Texture>
		</RandomTexture>
		<ShadowSize>30</ShadowSize>
	</Object>
	<Object type="0x9166" id="FragsNPC">
		<Class>FragsObject</Class>
		<Texture>
			<File>customEnvironment16x16</File>
			<Index>0x82</Index>
		</Texture>
		<Animation prob="1" period="1.5" periodJitter="10">
			<Frame time="0.5">
				<Texture>
					<File>customEnvironment16x16</File>
					<Index>0x83</Index>
				</Texture>
			</Frame>
			<Frame time="0.5">
				<Texture>
					<File>customEnvironment16x16</File>
					<Index>0x84</Index>
				</Texture>
			</Frame>
			<Frame time="0.5">
				<Texture>
					<File>customEnvironment16x16</File>
					<Index>0x85</Index>
				</Texture>
			</Frame>
		</Animation>
	</Object>
	<Object type="0x6011" id="Smelter Object">
		<Class>Smelter</Class>
		<Texture>
			<File>smelter</File>
			<Index>0</Index>
		</Texture>
		<NoStartAnimation/>
		<Animation prob="1.0" period="0.0" id="1">
			<Frame time="0.14">
				<Texture>
					<File>smelter</File>
					<Index>0</Index>
				</Texture>
			</Frame>
			<Frame time="0.14">
				<Texture>
					<File>smelter</File>
					<Index>1</Index>
				</Texture>
			</Frame>
			<Frame time="0.14">
				<Texture>
					<File>smelter</File>
					<Index>2</Index>
				</Texture>
			</Frame>
			<Frame time="0.14">
				<Texture>
					<File>smelter</File>
					<Index>3</Index>
				</Texture>
			</Frame>
			<Frame time="0.14">
				<Texture>
					<File>smelter</File>
					<Index>4</Index>
				</Texture>
			</Frame>
			<Frame time="0.14">
				<Texture>
					<File>smelter</File>
					<Index>5</Index>
				</Texture>
			</Frame>
			<Frame time="0.14">
				<Texture>
					<File>smelter</File>
					<Index>6</Index>
				</Texture>
			</Frame>
			<Frame time="0.14">
				<Texture>
					<File>smelter</File>
					<Index>7</Index>
				</Texture>
			</Frame>
			<Frame time="0.14">
				<Texture>
					<File>smelter</File>
					<Index>8</Index>
				</Texture>
			</Frame>
			<Frame time="0.14">
				<Texture>
					<File>smelter</File>
					<Index>9</Index>
				</Texture>
			</Frame>
			<Frame time="0.14">
				<Texture>
					<File>smelter</File>
					<Index>10</Index>
				</Texture>
			</Frame>
			<Frame time="0.14">
				<Texture>
					<File>smelter</File>
					<Index>11</Index>
				</Texture>
			</Frame>
			<Frame time="0.14">
				<Texture>
					<File>smelter</File>
					<Index>12</Index>
				</Texture>
			</Frame>
			<Frame time="0.14">
				<Texture>
					<File>smelter</File>
					<Index>13</Index>
				</Texture>
			</Frame>
			<Frame time="0.14">
				<Texture>
					<File>smelter</File>
					<Index>14</Index>
				</Texture>
			</Frame>
			<Frame time="0.14">
				<Texture>
					<File>smelter</File>
					<Index>15</Index>
				</Texture>
			</Frame>
			<Frame time="0.14">
				<Texture>
					<File>smelter</File>
					<Index>16</Index>
				</Texture>
			</Frame>
			<Frame time="0.14">
				<Texture>
					<File>smelter</File>
					<Index>17</Index>
				</Texture>
			</Frame>
			<Frame time="0.14">
				<Texture>
					<File>smelter</File>
					<Index>18</Index>
				</Texture>
			</Frame>
			<Frame time="0.14">
				<Texture>
					<File>smelter</File>
					<Index>19</Index>
				</Texture>
			</Frame>
			<Frame time="0.14">
				<Texture>
					<File>smelter</File>
					<Index>20</Index>
				</Texture>
			</Frame>
			<Frame time="0.14">
				<Texture>
					<File>smelter</File>
					<Index>21</Index>
				</Texture>
			</Frame>
			<Frame time="0.14">
				<Texture>
					<File>smelter</File>
					<Index>22</Index>
				</Texture>
			</Frame>
			<Frame time="0.14">
				<Texture>
					<File>smelter</File>
					<Index>23</Index>
				</Texture>
			</Frame>
			<Frame time="0.14">
				<Texture>
					<File>smelter</File>
					<Index>24</Index>
				</Texture>
			</Frame>
			<Frame time="0.14">
				<Texture>
					<File>smelter</File>
					<Index>25</Index>
				</Texture>
			</Frame>
			<Frame time="0.14">
				<Texture>
					<File>smelter</File>
					<Index>26</Index>
				</Texture>
			</Frame>
			<Frame time="0.14">
				<Texture>
					<File>smelter</File>
					<Index>27</Index>
				</Texture>
			</Frame>
			<Frame time="0.14">
				<Texture>
					<File>smelter</File>
					<Index>28</Index>
				</Texture>
			</Frame>
			<Frame time="0.14">
				<Texture>
					<File>smelter</File>
					<Index>29</Index>
				</Texture>
			</Frame>
			<Frame time="0.14">
				<Texture>
					<File>smelter</File>
					<Index>30</Index>
				</Texture>
			</Frame>
			<Frame time="0.14">
				<Texture>
					<File>smelter</File>
					<Index>31</Index>
				</Texture>
			</Frame>
			<Frame time="0.14">
				<Texture>
					<File>smelter</File>
					<Index>32</Index>
				</Texture>
			</Frame>
			<Frame time="0.14">
				<Texture>
					<File>smelter</File>
					<Index>33</Index>
				</Texture>
			</Frame>
			<Frame time="0.28">
				<Texture>
					<File>smelter</File>
					<Index>0</Index>
				</Texture>
			</Frame>
		</Animation>
	</Object>
</Objects>
