﻿<BehaviorEntries>
    
    <BehaviorEntry id="Smelter Object">
        <State id="root">
            <State id="Waiting for interaction">
                <Behavior targetState="Was interacted with">OnInteractionTransition</Behavior>
                <Behavior allow="true">ToggleInteraction</Behavior>
                <Behavior minValue="0">SetAnimation</Behavior>
            </State>
            <State id="Was interacted with">
                <Behavior minValue="1">SetAnimation</Behavior>
                <Behavior time="4800" targetState="Waiting for interaction">TimedTransition</Behavior>
                <Behavior allow="false">ToggleInteraction</Behavior>
            </State>
        </State>
    </BehaviorEntry>
    
    <BehaviorEntry id="Magic Potion Bag">
        <State id="root">
            <State id="appear">
                <Behavior minValue="1">SetAnimation</Behavior>
                <Behavior time="1100" targetState="idle">TimedTransition</Behavior>
            </State>
            <State id="idle">
                <Behavior minValue="0">SetAnimation</Behavior>
            </State>
        </State>
    </BehaviorEntry>
    
    <BehaviorEntry id="Health Potion Bag">
        <State id="root">
            <State id="appear">
                <Behavior minValue="1">SetAnimation</Behavior>
                <Behavior time="1100" targetState="idle">TimedTransition</Behavior>
            </State>
            <State id="idle">
                <Behavior minValue="0">SetAnimation</Behavior>
            </State>
        </State>
    </BehaviorEntry>
    
    <BehaviorEntry id="Soulbound Bag">
        <State id="root">
            <State id="idle">
                <Behavior minValue="1">SetAnimation</Behavior>
            </State>
        </State>
    </BehaviorEntry>

    <BehaviorEntry id="Potion Bag">
        <State id="root">
            <State id="appear">
                <Behavior minValue="1">SetAnimation</Behavior>
                <Behavior time="600" targetState="idle">TimedTransition</Behavior>
            </State>
            <State id="idle">
                <Behavior minValue="0">SetAnimation</Behavior>
            </State>
        </State>
    </BehaviorEntry>

    <BehaviorEntry id="Cyan Bag">
        <State id="root">
            <State id="appear">
                <Behavior minValue="1">SetAnimation</Behavior>
                <Behavior time="1300" targetState="idle">TimedTransition</Behavior>
            </State>
            <State id="idle">
                <Behavior minValue="0">SetAnimation</Behavior>
            </State>
        </State>
    </BehaviorEntry>

    <BehaviorEntry id="Rare Bag">
        <State id="root">
            <State id="appear">
                <Behavior minValue="1">SetAnimation</Behavior>
                <Behavior time="1850" targetState="idle">TimedTransition</Behavior>
            </State>
            <State id="idle">
                <Behavior minValue="2">SetAnimation</Behavior>
            </State>
        </State>
    </BehaviorEntry>

    <BehaviorEntry id="Legendary Bag">
        <State id="root">
            <State id="appear">
                <Behavior minValue="1">SetAnimation</Behavior>
                <Behavior time="1700" targetState="idle">TimedTransition</Behavior>
            </State>
            <State id="idle">
                <Behavior minValue="2">SetAnimation</Behavior>
            </State>
        </State>
    </BehaviorEntry>

    <BehaviorEntry id="Ancient Bag">
        <State id="root">
            <State id="appear">
                <Behavior minValue="1">SetAnimation</Behavior>
                <Behavior time="2400" targetState="idle">TimedTransition</Behavior>
            </State>
            <State id="idle">
                <Behavior minValue="2">SetAnimation</Behavior>
            </State>
        </State>
    </BehaviorEntry>
    
</BehaviorEntries>