﻿<BehaviorEntries>
    
    <BehaviorEntry id="Pirate">
        <State id="root">
            <Behavior behavior="Prioritize">
                <Behavior speed="0.85" range="1" duration="5000">Follow</Behavior>
                <Behavior speed="0.4">Wander</Behavior>
            </Behavior>
            <Behavior radius="3" coolDown="2500">Shoot</Behavior>
        </State>
        <State id="Dog"></State>
        <LootDef tier="1" type="Weapon" probability="0.2">TierLoot</LootDef>
        <LootDef item="Health Potion" probability="0.03">ItemLoot</LootDef>
    </BehaviorEntry>
    
</BehaviorEntries>