<AppSettings>
  <MenuMusic></MenuMusic>
  <DeadMusic></DeadMusic>
  <EditorMinRank>0</EditorMinRank>
  <CharacterSlotCost>1000</CharacterSlotCost>
  <CharacterSlotCurrency>1</CharacterSlotCurrency>
  <VaultChestCost>500</VaultChestCost>
  <InventorySize>20</InventorySize>
  <UseExternalPayments>0</UseExternalPayments>
  <MaxStackablePotions>9</MaxStackablePotions>
  <PotionPurchaseCooldown>400</PotionPurchaseCooldown>
  <PotionPurchaseCostCooldown>8000</PotionPurchaseCostCooldown>
  <PotionPurchaseCosts>
    <cost>5</cost>
    <cost>10</cost>
    <cost>20</cost>
    <cost>40</cost>
    <cost>80</cost>
    <cost>120</cost>
    <cost>200</cost>
    <cost>300</cost>
    <cost>450</cost>
    <cost>600</cost>
  </PotionPurchaseCosts>
  <SkinsList>resources/xmls/additional/SkinsAndSets.xml</SkinsList>
  <FilterList></FilterList>
  <DisableRegist>0</DisableRegist>
  <MysteryBoxRefresh>600</MysteryBoxRefresh>
  <MaxPetCount>0</MaxPetCount>
  <DisableAlly>1</DisableAlly>
  <SalesforceMobile>0</SalesforceMobile>
  <NewAccounts>
    <Gold>0</Gold>
    <Fame>0</Fame>
    <ClassesUnlocked>1</ClassesUnlocked>
    <SkinsUnlocked>1</SkinsUnlocked>
    <PetYardType>1</PetYardType>
    <VaultCount>2</VaultCount>
    <MaxCharSlot>2</MaxCharSlot>
  </NewAccounts>
  <NewCharacters>
    <Maxed>0</Maxed>
    <Level>1</Level>
  </NewCharacters>
</AppSettings>