<MysteryBoxData version = "1408515972.279192">
	<MysteryBox id = "33" title = "The Sword of the Mad God Box" weight = "-1">
		<Description></Description>
		<Contents>8962,3272,3180,4622,4901,3275</Contents>
		<Price amount="9999" currency="1"/>
		<Image>http://i.imgur.com/WnkWTbQ.png</Image>
		<Icon></Icon>
		<StartTime>2014-06-06 14:30:16</StartTime>
	</MysteryBox>
	<MysteryBox id = "44" title = "XXX" weight = "0">
		<Description></Description>
		<Contents>8615,8616,8617,8618,4691,4947,4684,4940,4625,4955,4689,4956,4700,4644,3276,8608,8609,8610,8611,9055,9052,9054,9053,8962,9015,9016,9017,4687,4692,3180,9042,3293,3284,3107,1802,3183,3119,29836,9061,9060,9063,9062,3275,3180,3138,3269,12290,3176,3177</Contents>
		<Price amount="9999" currency="1"/>
		<Image></Image>
		<Icon></Icon>
		<StartTime>2014-08-14 12:53:41</StartTime>
	</MysteryBox>
	<MysteryBox id = "39" title = "The Lair of Draconis Box" weight = "-1">
		<Description></Description>
		<Contents>3284,1808,1793,1802,3170,3293,8852</Contents>
		<Price amount="9999" currency="1"/>
		<Image>http://i.imgur.com/hgRW660.png</Image>
		<Icon></Icon>
		<StartTime>2014-06-20 13:56:00</StartTime>
	</MysteryBox>
	<MysteryBox id = "25" title = "The Triple Dungeon Mystery Box" weight = "0">
		<Description></Description>
		<Contents>1808,3089,3170,3119,1793;1808,3089,3170,3119,1793;1808,3089,3170,3119,1793</Contents>
		<Price amount="9999" currency="1"/>
		<Image>http://i.imgur.com/odrBR53.png</Image>
		<Icon></Icon>
		<StartTime>2014-04-03 13:47:12</StartTime>
		<Sale price = "375" currency = "0">
			<End>2014-08-20 23:59:43</End>
		</Sale>
	</MysteryBox>
  <FortuneGame id = "245" title = "Armor of the Mad God #1" >
    <Description></Description>
    <Contents>2835,2833,3105,3176,8812,3290,3279,3278,8851,8781,9017,9015,3239,3133,4103,2873,2872,3105,2762,2761,2766,2764,2759,2760,2765,9015,3276,3264,3275,3133,3177,3178,3270,1803,3138,3269,3293,3180,3274,3272</Contents>
    <Price firstInGold="100" firstInToken="1" secondInGold="250"/>
    <Image>http://rotmg.kabamcdn.com/MadGodArmorAlchemistRewards.png</Image>
    <Icon></Icon>
    <StartTime>2014-09-18 13:25:20</StartTime>
    <EndTime>2029-09-23 13:33:00</EndTime>
  </FortuneGame>
</MysteryBoxData>