﻿<BehaviorEntries>
    
    <BehaviorEntry id="Ghost of Skuld">
        <State id="root">
            <Behavior amount="20">HPScale</Behavior>
            <Behavior threshold="0.1" targetState="Death">HpLessTransition</Behavior>
            
            <!-- taunt phases - taunt and spawn skulls -->
            <State id="Taunt 1">
                <Behavior effect="Invulnerable" perm="true">ConditionalEffect</Behavior>
                <Behavior text="Surviving every wave of undead that came at you... That's impressive!">Taunt</Behavior>
                <Behavior time="2000" targetState="Taunt 2">TimedTransition</Behavior>
            </State>
            <State id="Taunt 2">
                <Behavior text="You deserve a reward!...">Taunt</Behavior>
                <Behavior time="2000" targetState="Toss Skulls">TimedTransition</Behavior>
            </State>
            <State id="Toss Skulls">
                <Behavior text="Here it is... A SWIFT DEATH!">Taunt</Behavior>
                <Behavior child="Flying Flame Skull" range="6" angle="270" coolDown="9999" throwEffect="true">TossObject</Behavior>
                <Behavior child="Flying Flame Skull" range="6" angle="90" coolDown="9999" throwEffect="true">TossObject</Behavior>
                <Behavior time="3000" targetState="Rotating Shots">TimedTransition</Behavior>
            </State>

            <State id="Return to spawn">
                <Behavior effect="Invincible">ConditionalEffect</Behavior>
                <Behavior minValue="11">SetAltTexture</Behavior>
                <Behavior speed="1.4" returnWithinRadius="0.5">ReturnToSpawn</Behavior>
                <Behavior behavior="DoOnce" afterTime="1000">
                    <Behavior minValue="1">SetAltTexture</Behavior>
                </Behavior>
                <Behavior behavior="DoOnce" afterTime="1500">
                    <Behavior minValue="0">SetAltTexture</Behavior>
                </Behavior>
                <Behavior time="2000" targetState="Rotating Shots">TimedTransition</Behavior>
            </State>
            <State id="Rotating Shots">
                <Behavior effect="Invulnerable">RemoveConditionalEffect</Behavior>
                <Behavior effect="Armored">ConditionalEffect</Behavior>
                <Behavior radius="30" count="2" shootAngle="180" projectileIndex="2" fixedAngle="0" rotateAngle="8" coolDown="150">Shoot</Behavior>
                <Behavior radius="10" count="4" fixedAngle="0" projectileIndex="1" shootAngle="90" rotateAngle="11" coolDown="900">Shoot</Behavior>
                <Behavior targetStates="Move Left,Move Right,Move Up,Move Down,Move TL,Move TR,Move BL,Move BR" time="5000">TimedRandomTransition</Behavior>
            </State>
            
            <!-- movement phases -->
            <State id="Move Left">
                <Behavior effect="Invincible">ConditionalEffect</Behavior>
                <Behavior minValue="11">SetAltTexture</Behavior>
                <Behavior speed="1.25" x="-8" y="0">MoveTo2</Behavior>
                <Behavior time="2000" targetState="Shotgun!!">TimedTransition</Behavior>
            </State>
            <State id="Move Right">
                <Behavior effect="Invincible">ConditionalEffect</Behavior>
                <Behavior minValue="11">SetAltTexture</Behavior>
                <Behavior speed="1.25" x="8" y="0">MoveTo2</Behavior>
                <Behavior time="2000" targetState="Shotgun!!">TimedTransition</Behavior>
            </State>
            <State id="Move Up">
                <Behavior effect="Invincible">ConditionalEffect</Behavior>
                <Behavior minValue="11">SetAltTexture</Behavior>
                <Behavior speed="1.25" x="0" y="-8">MoveTo2</Behavior>
                <Behavior time="2000" targetState="Shotgun!!">TimedTransition</Behavior>
            </State>
            <State id="Move Down">
                <Behavior effect="Invincible">ConditionalEffect</Behavior>
                <Behavior minValue="11">SetAltTexture</Behavior>
                <Behavior speed="1.25" x="0" y="8">MoveTo2</Behavior>
                <Behavior time="2000" targetState="Shotgun!!">TimedTransition</Behavior>
            </State>
            <State id="Move TL">
                <Behavior effect="Invincible">ConditionalEffect</Behavior>
                <Behavior minValue="11">SetAltTexture</Behavior>
                <Behavior speed="1.25" x="-8" y="-8">MoveTo2</Behavior>
                <Behavior time="2000" targetState="Shotgun!!">TimedTransition</Behavior>
            </State>
            <State id="Move TR">
                <Behavior effect="Invincible">ConditionalEffect</Behavior>
                <Behavior minValue="11">SetAltTexture</Behavior>
                <Behavior speed="1.25" x="8" y="-8">MoveTo2</Behavior>
                <Behavior time="2000" targetState="Shotgun!!">TimedTransition</Behavior>
            </State>
            <State id="Move BL">
                <Behavior effect="Invincible">ConditionalEffect</Behavior>
                <Behavior minValue="11">SetAltTexture</Behavior>
                <Behavior speed="1.25" x="-8" y="8">MoveTo2</Behavior>
                <Behavior time="2000" targetState="Shotgun!!">TimedTransition</Behavior>
            </State>
            <State id="Move BR">
                <Behavior effect="Invincible">ConditionalEffect</Behavior>
                <Behavior minValue="11">SetAltTexture</Behavior>
                <Behavior speed="1.25" x="8" y="8">MoveTo2</Behavior>
                <Behavior time="2000" targetState="Shotgun!!">TimedTransition</Behavior>
            </State>
            
            <!-- finished moving, shoot them down. -->
            <State id="Shotgun!!">
                <Behavior color="0x11ff00" flashPeriod="1" flashRepeats="1">Flash</Behavior>
                <Behavior effect="Invulnerable" duration="1000">ConditionalEffect</Behavior>
                <Behavior minValue="1">SetAltTexture</Behavior>
                <Behavior behavior="DoOnce" afterTime="1000">
                    <Behavior minValue="0">SetAltTexture</Behavior>
                </Behavior>
                <Behavior radius="8" count="5" shootAngle="8" projectileIndex="0" coolDown="1200" coolDownOffset="500">Shoot</Behavior>
                <Behavior radius="10" count="4" fixedAngle="0" projectileIndex="1" shootAngle="90" rotateAngle="11" coolDown="900" coolDownOffset="500">Shoot</Behavior>
                <Behavior time="6000" targetStates="Shotgun!!,Return to spawn">TimedRandomTransition</Behavior>
            </State>
            
            <!-- this state is called on low HP - remove skulls and die -->
            <State id="Death">
                <Behavior dist="1000" children="Flying Flame Skull">RemoveEntity</Behavior>
                <Behavior>Suicide</Behavior>
            </State>
        </State>
        <LootDef threshold="0.1" behavior="Threshold">
            <LootTemplate>StrongerDrop</LootTemplate>
        </LootDef>
        <LootDef threshold="0.1" behavior="Threshold">
            <LootDef item="Vitality Fragment" probability="0.05">ItemLoot</LootDef>
            <LootDef item="Wisdom Fragment" probability="0.05">ItemLoot</LootDef>
            <LootDef item="Potion of Vitality">ItemLoot</LootDef>
            <LootDef item="Potion of Wisdom">ItemLoot</LootDef>
            <LootDef item="Potion Tablet" probability="0.05">ItemLoot</LootDef>
            <LootDef item="Resurrected Warrior's Armor" probability="0.005">ItemLoot</LootDef>
            <LootDef item="Plague Poison" probability="0.005">ItemLoot</LootDef>
            <LootDef item="Skuld's Shovel" probability="0.005">ItemLoot</LootDef>
            <LootDef item="Cemetery Key" probability="0.008">ItemLoot</LootDef>
            <LootDef item="Tears of Nihil" probability="0.000001">ItemLoot</LootDef>
        </LootDef>
    </BehaviorEntry>
    
</BehaviorEntries>